OPIS Truckstop ID,Latitude,Longitude
7,36.5378651,-95.221358
9,43.978576,-90.5040214
20,32.9476184,-112.7144993
28,35.3880338,-94.4265011
35,40.9228648,-75.0899532
36,38.7459482,-78.6422377
44,30.8249094,-97.604454
46,32.3948615,-85.916902
49,38.9592201,-85.8902547
50,41.258841,-95.8519484
56,46.813878,-100.2915
75,38.4798561,-107.8790579
77,38.5717115,-75.56341
79,39.6159851,-75.662956
81,27.517143,-82.548708
85,39.7646887,-105.600337
91,33.529643,-82.910325
105,43.25617,-83.781181
118,35.362982,-109.046792
121,32.573052,-111.322735
127,37.875664,-87.567602
128,39.147969,-88.514693
135,41.36435,-89.191779
147,31.302921,-85.772375
149,39.831121,-84.89504
151,40.917393,-100.166788
159,30.373067,-81.55223
160,30.429873,-91.057301
164,41.57793,-87.26599
167,39.667843,-86.08251
174,31.603922,-94.65599
184,41.257014,-95.852994
186,44.263534,-104.950394
187,34.066913,-84.551059
191,43.138278,-93.378779
192,41.553565,-93.926758
195,35.170453,-90.189836
198,40.246057,-104.053855
199,38.980742,-99.718557
203,40.803709,-85.84578
207,39.07515,-83.843083
216,30.379923,-89.352626
217,38.980742,-99.718557
231,37.385929,-84.335344
235,29.590136,-82.36291
240,30.439716,-91.201833
243,41.144888,-87.454379
244,34.055142,-118.215911
248,30.049144,-89.957137
250,38.929001,-97.362422
253,35.153138,-90.077883
256,39.696517,-79.155117
257,48.377371,-115.56145
263,42.080605,-86.415462
267,37.752554,-100.019246
269,41.864133,-83.406027
278,38.999547,-87.391636
281,39.052284,-85.915329
289,37.613845,-99.107138
292,38.360806,-95.125641
293,38.471186,-96.186405
304,42.298875,-85.195175
309,39.095004,-94.680529
323,41.128645,-101.691265
326,38.968873,-112.323709
341,29.701975,-81.327095
347,41.601906,-87.310842
358,42.10666,-75.84842
361,30.372969,-81.552202
368,40.770415,-73.651828
372,41.567452,-87.315871
381,39.761275,-92.941192
387,32.659989,-114.36433
388,40.323843,-82.900222
391,40.039408,-81.394927
403,39.947893,-82.452905
407,41.526061,-83.463318
421,35.463458,-97.472328
424,35.75898,-95.5496
425,32.434918,-82.498507
442,42.096631,-102.898332
455,37.981111,-77.491611
456,41.12309,-84.92851
458,40.394471,-95.549682
460,32.874464,-80.985267
461,33.637506,-80.877457
469,37.47291,-105.857387
474,32.410852,-88.534512
478,48.996981,-97.238918
483,36.677522,-101.481423
486,27.7702,-99.36656
489,29.882213,-97.946023
491,36.1382,-84.04412
496,35.954544,-83.975931
509,31.049007,-104.664902
522,40.03264,-81.447554
523,34.28631,-83.811961
525,33.538446,-88.659196
546,41.433505,-86.821637
557,41.36435,-89.191779
559,36.282413,-94.120043
566,41.569586,-87.371134
567,32.819384,-111.683287
572,41.080496,-85.138361
576,30.247364,-92.111954
578,45.346995,-118.155651
579,41.643715,-109.26493
586,40.818126,-98.607432
588,33.188738,-87.324975
591,38.981163,-93.568294
599,41.144853,-102.976761
602,43.64547,-72.252791
614,41.517178,-74.168007
628,39.750437,-84.260437
629,39.06079,-75.473678
636,44.645078,-123.047644
651,35.817575,-88.18173
652,35.954544,-83.975931
659,34.236851,-84.490864
669,31.883036,-106.582045
672,39.842815,-75.1952
680,45.656411,-97.050057
684,42.244222,-77.198724
689,37.680119,-97.404551
692,41.02223,-92.414131
739,38.54428,-82.763649
748,40.389402,-104.686817
769,40.039307,-91.498539
815,42.997594,-89.719832
855,40.30355,-87.700132
863,32.722358,-81.666114
906,35.153138,-90.077883
908,32.403861,-87.028815
912,33.34872,-87.0141
936,35.066159,-92.418114
970,33.875367,-112.148919
977,33.666977,-114.214853
981,43.196754,-112.365256
982,32.659989,-114.36433
1028,39.730086,-75.542711
1042,30.203424,-82.637347
1043,30.183611,-82.701216
1047,30.48442,-84.38498
1075,32.559582,-82.798468
1106,33.470835,-82.490178
1112,41.977005,-95.363505
1115,42.54299,-92.805832
1121,41.298069,-111.825467
1128,42.430551,-87.937929
1132,41.169305,-87.854215
1136,40.59192,-89.470893
1140,41.835357,-87.685668
1149,39.826572,-85.704099
1151,39.853556,-85.207053
1154,30.175016,-97.527042
1156,39.493251,-85.689412
1157,39.441931,-87.50208
1158,41.466825,-87.05624
1163,38.404994,-96.178849
1176,38.293369,-84.558643
1179,37.834383,-85.732171
1196,30.74829,-91.293499
1199,42.544233,-71.90986
1202,39.530469,-76.182073
1204,39.098477,-88.577784
1208,42.336888,-85.66557
1210,42.216693,-85.890901
1217,43.666583,-92.974772
1218,46.337838,-94.489294
1225,39.372969,-91.217757
1234,37.493814,-94.300076
1236,39.696966,-91.505865
1240,38.68687,-93.251153
1247,36.72804,-91.852263
1251,34.905826,-88.486099
1256,33.400603,-91.001615
1265,34.825818,-89.564636
1304,35.023775,-76.899254
1315,35.48407,-79.16639
1325,34.252306,-77.957166
1326,35.644494,-78.015225
1333,40.897991,-98.415435
1340,40.480709,-74.278572
1342,40.927201,-74.917818
1344,41.098753,-74.161459
1348,40.002536,-75.036753
1356,32.958205,-105.648164
1364,41.673961,-86.617149
1372,41.04666,-81.437174
1376,40.455669,-84.169148
1379,41.024715,-80.658607
1384,41.58644,-84.609935
1391,33.727519,-97.159081
1395,35.503378,-98.941558
1404,39.816228,-86.398055
1414,40.02031,-78.181362
1424,39.889474,-77.181563
1428,40.38695,-86.918884
1432,40.31204,-76.901173
1444,34.073916,-80.950923
1445,41.15872,-104.633109
1447,35.17236,-81.844443
1453,33.981179,-84.955481
1455,34.25015,-79.762835
1461,33.387219,-80.53309
1464,34.068808,-80.917507
1470,33.427918,-81.889341
1479,34.759,-80.415154
1487,36.162243,-82.83146
1492,35.027658,-85.347723
1507,35.079449,-90.057413
1516,35.061722,-101.919001
1531,39.523817,-85.649432
1533,33.262358,-102.242339
1546,28.741149,-99.14187
1548,35.736661,-101.964503
1552,27.882725,-98.61798
1555,39.293557,-102.877235
1560,42.570133,-79.101744
1562,35.426309,-86.01365
1567,41.591692,-93.681698
1579,46.013001,-112.536235
1582,35.20452,-101.674063
1585,27.758422,-97.424199
1590,41.589977,-87.223911
1596,35.311303,-107.991593
1597,39.989373,-78.069335
1599,42.857326,-76.118423
1602,31.103026,-88.77477
1606,48.344907,-122.335843
1610,39.284342,-76.54068
1618,38.820174,-81.728637
1621,33.602269,-86.807898
1622,33.223185,-97.769016
1623,39.778196,-104.896881
1625,34.038184,-81.112091
1632,32.280587,-106.768877
1633,29.31015,-98.616835
1634,42.754583,-87.953977
1644,32.434468,-100.535117
1646,41.44933,-86.314707
1647,41.629216,-87.480828
1653,41.813881,-87.753821
1654,30.82347,-96.93652
1661,32.512722,-92.358151
1669,40.766822,-73.682902
1670,37.075253,-94.385723
1671,35.645335,-78.281264
1672,35.20452,-101.674063
1699,33.167291,-86.252029
1700,33.046848,-94.729194
1720,37.027828,-100.94074
1749,30.596538,-93.911848
1753,31.917484,-97.096559
1773,44.427729,-85.388054
1791,31.947692,-102.141173
1807,35.221743,-101.418624
1810,36.401608,-100.802766
1829,27.243649,-80.829997
1832,31.202083,-89.258168
1834,28.694597,-96.831718
1849,31.463912,-100.445304
1855,42.765562,-85.672655
1858,29.504059,-98.550689
1859,38.669788,-80.718965
1860,38.041113,-84.480123
1861,35.128276,-114.107989
1866,42.080605,-86.415462
1873,41.805377,-86.317086
1874,32.643131,-96.511928
1879,45.969165,-92.9576
1888,31.747985,-100.827621
1889,36.331997,-102.073375
1893,32.700541,-96.276749
1894,28.489275,-98.142956
1897,32.457767,-99.870274
1905,33.650627,-96.894093
1909,37.676967,-113.061744
1914,38.854283,-110.909843
1921,40.912379,-111.402637
1923,38.956619,-111.86005
1930,37.265767,-97.398007
1931,40.769873,-111.871556
1934,36.702861,-80.740477
1936,36.796756,-76.219449
1940,37.105534,-80.686006
1944,37.000685,-76.31755
1950,38.045678,-78.764521
1951,38.045678,-78.764521
1953,37.493274,-77.004952
1954,36.722586,-76.63898
1956,39.005801,-78.308292
1958,36.948445,-80.926153
1960,44.296665,-72.683042
1962,38.332604,-82.945395
1976,47.673965,-117.239486
1977,46.541692,-122.876499
1983,43.941777,-90.672186
1985,43.480461,-89.491922
2000,45.102185,-87.627761
2002,46.720746,-92.129672
2009,43.88226,-87.771374
2020,39.657838,-79.573454
2021,38.392885,-82.422284
2022,39.676104,-80.03525
2029,42.946298,-111.007302
2030,42.856711,-106.324926
2034,41.135453,-104.819883
2040,42.803479,-105.663946
2041,41.15872,-104.633109
2044,41.642236,-108.532289
2074,29.504059,-98.550689
2076,33.587995,-99.260273
2078,33.462892,-101.675132
2084,32.268612,-101.390256
2087,41.7358,-111.869861
2088,38.7503,-112.085635
2089,41.872955,-112.466226
2115,43.532509,-90.011227
2125,41.236621,-105.435717
2144,39.589051,-77.433669
2152,43.653449,-94.447411
2167,45.55325,-94.185507
2182,37.946891,-79.28639
2192,38.199316,-80.86634
2194,38.998814,-82.55338
2196,41.105204,-81.113578
2204,34.086834,-87.596156
2209,33.783678,-93.460446
2219,34.160973,-83.633492
2223,32.364337,-81.885409
2227,41.715679,-88.20613
2231,38.766101,-90.180264
2255,41.573436,-83.468777
2267,36.548244,-86.694834
2283,27.904162,-81.845442
2287,39.724955,-78.708284
2306,33.383547,-80.451418
2310,35.027658,-85.347723
2311,35.721951,-86.320872
2331,36.841758,-76.305826
2336,36.960044,-81.062044
2340,43.108154,-89.300404
2557,32.960562,-96.346717
2602,40.370626,-80.610387
2623,42.672011,-89.210315
2626,41.788779,-107.235013
2629,39.716081,-75.432581
2635,45.2744,-122.7775
2638,43.06715,-108.382345
2640,38.186287,-89.600628
2644,38.980056,-104.864653
2756,39.190291,-81.532107
2761,38.957505,-95.23696
2764,34.027383,-94.731092
2765,38.057527,-102.616758
2772,39.909086,-86.032263
2779,42.566672,-114.477222
2788,44.500836,-72.709265
2805,42.352387,-112.225371
2807,36.63701,-87.33402
2811,43.06787,-76.47533
2817,46.54734,-122.874379
2848,33.587263,-113.472328
2851,32.659989,-114.36433
2862,32.316548,-90.911037
2864,36.880383,-94.426881
2875,38.980056,-104.864653
2883,26.054387,-80.35344
2885,30.890901,-84.489476
2889,34.509257,-87.288352
2891,39.55231,-119.57578
2895,40.5556,-81.504725
2896,46.424917,-117.000483
2897,41.330586,-110.271272
2910,46.847261,-96.840702
2913,36.182547,-82.380374
2915,42.995328,-112.414115
2917,37.257845,-79.183643
2922,35.055164,-106.836787
2923,37.981111,-77.491611
2924,30.906662,-93.914618
2926,40.311838,-76.90038
2929,46.83719,-100.583622
2935,30.372969,-81.552202
2937,38.86478,-84.64789
2956,35.111714,-80.926446
2963,46.83719,-100.583622
2967,41.532776,-83.657088
2968,40.367603,-74.647642
2977,43.842257,-101.525115
2982,33.5916,-85.89109
3003,32.316548,-90.911037
3008,31.133486,-81.606234
3022,39.721302,-77.73268
3030,36.115518,-90.185662
3064,38.057527,-102.616758
3086,37.482387,-79.118907
3093,45.361371,-89.66713
3096,31.203891,-85.419905
3118,40.845045,-73.90772
3128,33.206702,-84.05861
3138,39.108265,-108.500082
3139,35.585779,-98.166292
3148,36.875195,-94.317893
3155,34.682949,-87.59325
3163,36.074428,-96.054534
3164,36.074428,-96.054534
3165,36.277127,-97.327805
3167,33.82431,-87.315469
3171,35.982515,-83.628037
3176,41.449529,-85.84427
3178,47.425157,-122.221531
3179,41.589977,-87.223911
3191,35.043868,-85.691129
3205,43.978957,-96.75869
3206,46.581218,-95.574638
3215,28.459228,-81.472242
3216,37.060849,-88.183608
3221,35.31109,-91.570674
3222,28.072506,-80.705158
3226,40.311838,-76.90038
3227,33.31849,-80.548115
3230,27.222529,-98.141445
3264,35.410981,-90.497859
3280,42.764876,-104.45228
3281,40.478346,-78.406471
3284,37.493295,-94.27677
3297,41.15872,-104.633109
3316,36.237659,-91.727466
3326,42.364162,-73.595091
3330,43.057419,-70.785864
3349,32.34463,-88.766938
3383,35.529641,-97.513764
3386,40.130839,-104.964677
3401,34.822277,-81.032738
3413,31.957006,-92.653309
3415,32.45317,-82.043295
3418,39.09795,-80.39212
3421,47.344593,-122.241068
3422,29.599269,-97.933801
3427,41.730918,-85.974958
3432,39.667843,-86.08251
3435,30.710793,-97.647347
3444,28.552811,-81.371785
3460,43.082793,-94.236224
3464,43.589775,-116.273652
3471,31.938768,-81.322173
3475,35.456212,-80.593403
3477,42.298875,-85.195175
3479,32.421586,-83.760257
3493,34.086307,-84.986845
3519,30.097011,-93.737846
3522,30.722839,-94.94712
3526,40.217155,-80.875813
3530,40.467397,-96.853259
3536,35.167644,-101.742446
3539,29.599213,-97.951461
3545,44.882646,-93.01883
3580,41.752783,-106.951011
3585,40.658261,-118.141449
3588,29.80127,-94.384468
3592,41.31691,-110.38254
3593,37.8607,-112.829106
3605,39.76509,-94.803747
3608,41.169305,-87.854215
3614,40.16215,-84.81405
3616,41.732098,-83.488721
3619,39.853556,-85.207053
3620,39.519111,-83.845688
3645,41.014253,-77.886183
3678,27.529015,-98.100801
3688,42.630448,-82.849779
3692,35.111926,-80.926311
3699,39.909086,-86.032263
3702,44.932314,-74.893109
3707,43.647782,-93.368713
3718,43.819914,-99.325682
3719,40.468462,-78.654346
3725,41.455178,-80.162672
3728,42.68287,-73.722051
3737,34.554477,-90.661686
3745,45.636847,-109.252419
3759,34.173132,-93.071448
3767,36.54517,-77.576395
3772,39.301194,-102.25307
3774,39.301194,-102.25307
3781,38.759325,-105.109895
3783,39.768354,-104.994957
3794,43.662207,-94.118865
3817,38.852989,-104.832627
3843,36.277127,-97.327805
3868,36.156502,-95.988522
3888,46.397882,-112.735307
3889,27.683296,-82.422202
3907,40.846948,-73.998559
3908,26.054387,-80.35344
3927,26.054387,-80.35344
3936,42.73335,-75.736692
3946,39.754355,-92.4678
3949,30.189348,-82.637144
3956,27.21964,-81.32826
3964,42.297534,-84.12322
3970,32.83483,-96.608394
3973,35.537296,-97.461041
3974,35.411715,-99.407521
3975,30.26353,-82.10416
3979,41.589977,-87.223911
4006,33.136109,-92.631863
4008,42.13904,-88.05704
4025,34.601381,-82.653497
4035,35.283986,-93.087917
4062,36.957268,-79.878509
4063,31.304332,-89.352424
4080,25.765946,-80.243303
4101,34.172934,-96.97072
4113,36.396766,-97.825103
4115,33.85239,-84.30011
4119,31.466664,-82.85081
4156,29.504059,-98.550689
4161,31.187342,-81.543243
4164,35.844616,-80.12953
4169,35.128276,-114.107989
4171,47.431396,-94.863682
4172,47.711008,-116.94803
4179,32.148987,-81.163568
4187,34.589452,-84.953944
4193,32.693183,-97.024967
4199,38.929018,-97.360639
4204,34.869582,-85.515821
4211,36.371927,-114.897052
4220,39.145762,-84.820165
4222,43.688817,-73.724197
4223,40.766822,-73.682902
4227,35.529648,-97.513515
4233,32.525415,-93.699008
4239,37.991805,-84.17779
4241,33.636813,-84.401526
4267,39.992243,-76.021811
4292,41.677133,-93.245168
4301,46.878635,-102.784169
4311,32.274189,-86.377146
4331,41.521775,-90.574087
4332,41.169305,-87.854215
4335,42.454393,-90.777289
4339,26.207142,-97.724727
4349,42.45934,-92.251545
4363,31.650742,-81.39662
4368,37.255926,-93.507506
4372,35.19081,-86.87017
4373,40.992142,-93.798884
4389,41.584171,-95.941281
4395,36.893829,-89.531058
4417,35.008314,-106.039715
4419,36.9209,-89.348546
4427,41.497457,-95.192079
4431,42.184892,-92.471934
4437,41.403989,-95.658948
4441,36.17406,-82.825613
4442,34.60448,-79.11126
4445,45.190063,-93.552613
4446,35.20452,-101.674063
4451,44.697799,-96.844068
4452,40.747616,-92.413375
4458,41.553565,-93.926758
4460,38.683528,-84.959086
4463,32.452168,-95.27073
4482,43.615045,-116.202327
4492,48.731258,-116.299949
4525,46.439494,-116.898494
4528,47.568056,-120.262785
4533,33.602269,-86.807898
4544,36.845115,-75.975536
4555,35.361811,-86.840044
4560,41.041821,-111.953366
4563,40.381735,-88.886543
4568,40.766822,-73.682902
4569,37.378691,-88.817886
4574,40.173929,-88.324428
4582,46.236945,-95.887678
4605,37.014666,-77.391743
4618,32.451546,-94.001155
4620,38.484101,-90.740884
4622,37.769447,-79.404078
4628,38.708454,-77.799325
4637,40.157139,-89.365428
4642,39.422003,-87.661691
4644,41.36435,-89.191779
4654,43.085139,-77.942447
4655,42.962229,-78.896864
4690,32.82257,-96.629387
4700,41.236621,-105.435717
4704,39.628842,-79.319846
4707,40.163105,-79.756448
4729,39.853556,-85.207053
4742,47.325335,-103.91835
4750,41.553565,-93.926758
4762,41.864133,-83.406027
4806,32.755432,-97.709982
4818,43.13922,-115.66383
4819,36.99775,-104.43235
4826,31.810558,-85.960466
4827,30.077314,-94.134547
4837,46.340333,-94.646839
4856,45.692183,-110.491922
4858,38.486039,-97.621644
4860,40.173929,-88.324428
4872,32.756474,-80.939342
4874,31.76532,-102.55759
4878,43.59864,-116.548674
4881,40.128108,-74.717403
4885,38.78641,-89.643918
4887,41.388818,-82.170375
4894,39.511644,-86.794261
4905,41.432881,-82.742465
4909,28.937995,-82.220932
4910,38.854283,-110.909843
4918,36.000811,-83.957592
4920,30.375632,-91.055409
4921,37.200891,-87.037511
4927,32.836533,-86.629644
4933,36.916357,-81.264016
4977,44.431354,-89.670236
4981,42.272046,-84.95859
4983,44.903969,-91.797801
4996,45.7888,-108.494244
5003,39.047542,-76.068798
5006,40.626857,-74.243166
5024,38.255178,-90.402736
5030,40.994704,-92.4037
5044,37.093742,-93.826052
5050,40.382534,-95.456152
5056,36.791296,-89.944055
5057,39.731808,-94.238432
5060,35.128276,-114.107989
5064,31.721755,-89.103784
5079,38.590839,-90.402806
5085,39.188477,-78.168086
5111,31.28861,-89.294148
5117,39.997137,-86.345912
5128,41.553565,-93.926758
5131,40.394471,-95.549682
5132,38.08774,-91.44266
5160,40.039673,-81.393621
5163,32.271496,-90.266391
5165,36.722085,-86.578011
5167,41.531307,-87.240301
5170,40.04554,-75.257966
5183,34.739224,-76.886626
5191,43.445135,-89.491602
5202,42.230373,-111.226151
5203,30.576768,-87.422013
5207,39.118022,-100.806943
5227,35.645335,-78.281264
5230,41.569387,-91.164397
5232,30.502475,-92.343198
5234,36.853989,-93.92058
5236,39.530469,-76.182073
5245,39.838553,-99.888803
5247,42.849052,-89.067921
5249,36.498504,-90.539845
5254,35.55396,-82.696922
5255,38.425861,-95.804295
5258,30.479096,-90.44278
5282,37.646766,-98.716379
5285,40.731454,-74.113474
5297,47.131024,-119.278995
5299,36.722085,-86.578011
5302,37.239673,-80.225093
5306,41.378333,-82.225022
5309,33.724767,-84.90077
5310,41.176649,-93.783912
5324,41.415787,-83.093059
5341,42.793923,-96.173792
5349,33.254552,-82.30462
5363,40.072762,-75.687893
5389,41.139552,-111.848134
5391,32.227519,-109.048391
5399,36.948445,-80.926153
5407,39.417098,-97.666327
5414,35.219326,-112.480919
5419,35.128276,-114.107989
5422,41.169305,-87.854215
5424,37.402325,-86.87605
5435,37.28549,-100.334225
5436,37.477434,-86.294516
5446,29.875137,-93.934158
5462,43.490864,-112.039129
5464,37.429063,-85.882982
5474,28.355875,-80.726236
5477,44.386171,-123.110146
5479,26.934943,-82.017561
5491,37.304479,-84.284391
5492,39.685078,-78.102374
5522,38.611423,-90.203891
5523,39.269542,-103.709115
5529,36.493595,-80.741702
5537,42.223977,-87.859054
5554,35.847812,-90.703613
5560,38.964744,-92.337101
5569,37.112147,-92.478452
5570,30.478854,-90.443487
5579,41.438435,-97.231564
5592,34.068808,-80.917507
5597,30.451439,-93.435129
5601,36.994817,-88.493064
5603,41.067092,-81.441235
5606,46.828949,-100.871162
5607,32.20017,-96.474098
5608,32.033427,-93.713693
5613,46.696988,-120.442552
5618,40.046679,-86.469214
5649,30.375632,-91.055409
5651,38.204624,-85.329067
5659,28.326286,-98.11418
5660,42.166142,-72.622535
5661,35.982515,-83.628037
5667,35.703042,-83.038972
5669,43.924099,-91.383964
5670,38.275396,-88.934407
5674,31.51299,-82.84963
5677,45.021616,-95.729317
5691,42.10871,-86.398021
5700,43.697003,-85.483941
5718,36.059328,-102.525809
5721,39.148559,-76.774324
5729,44.903969,-91.797801
5730,42.926325,-83.046012
5739,41.864133,-83.406027
5751,30.644195,-83.189665
5754,42.839689,-84.219751
5758,42.999192,-82.4273
5770,42.834788,-87.95242
5771,42.080605,-86.415462
5774,41.051372,-77.158845
5780,35.795114,-80.21695
5799,43.662207,-94.118865
5801,38.045678,-78.764521
5821,45.2744,-122.7775
5823,32.273315,-81.080651
5830,42.272046,-84.95859
5842,41.391814,-87.774967
5860,44.259449,-93.289687
5873,44.146288,-93.994418
5901,46.132652,-95.922782
5903,45.741693,-94.952052
5907,44.793148,-93.416032
5909,43.858191,-91.305018
5927,37.665534,-77.636581
5935,40.009068,-74.85122
5942,38.342766,-90.389485
5944,43.079836,-88.912503
5946,44.099702,-103.172033
5949,33.394771,-94.098239
5951,38.51677,-89.68669
5963,30.706995,-101.143353
5965,43.01118,-96.795856
5971,39.461712,-91.609157
5979,30.237387,-93.274083
5980,37.230515,-77.391425
5990,37.322028,-78.036006
5996,41.585654,-109.220577
5999,34.738015,-92.275128
6001,33.393122,-104.52275
6009,36.618663,-93.22584
6010,30.514023,-99.790196
6018,41.513009,-87.936831
6033,37.162533,-89.601894
6037,42.449482,-96.472567
6041,36.763605,-80.729407
6047,39.264367,-91.074777
6051,38.852989,-104.832627
6057,38.856153,-97.607981
6058,42.006523,-85.466946
6068,37.600748,-89.716372
6082,25.816131,-80.271509
6083,40.087907,-95.223391
6087,39.292685,-91.527713
6093,40.717389,-99.373228
6096,39.129666,-82.981588
6097,40.669931,-99.04632
6106,45.346995,-118.155651
6111,35.740271,-91.644005
6150,37.239673,-80.225093
6154,30.496499,-88.335225
6164,41.497457,-95.192079
6165,39.015297,-94.198204
6167,37.837162,-94.356944
6172,43.025442,-85.780077
6173,42.456143,-83.936652
6175,40.394196,-77.874033
6179,30.364091,-91.642826
6180,35.027658,-85.347723
6182,33.331511,-87.039455
6188,38.498592,-93.273263
6198,36.948156,-77.401127
6200,40.988682,-77.818128
6206,43.487409,-89.49622
6212,38.255178,-90.402736
6214,43.265208,-88.181888
6215,42.428447,-73.803009
6218,35.528205,-108.761077
6219,48.232624,-101.292026
6221,31.883036,-106.582045
6222,39.449293,-94.788857
6227,32.703811,-96.579587
6229,39.940958,-83.532743
6232,37.768412,-92.406961
6242,38.701181,-90.226706
6243,37.120303,-92.088904
6251,30.3153,-91.831084
6252,41.388818,-82.170375
6258,39.765092,-94.803747
6271,33.220319,-97.170848
6275,47.495452,-121.786906
6284,41.601906,-87.310842
6286,38.021399,-84.140702
6290,41.431191,-83.92182
6293,35.311303,-107.991593
6296,40.346047,-94.871694
6299,40.812367,-91.141551
6305,38.323708,-77.468759
6307,38.795783,-90.62159
6308,38.204624,-85.329067
6309,34.41309,-92.805842
6310,28.944465,-82.03363
6315,39.929866,-91.460689
6318,34.706066,-97.244931
6326,36.918781,-97.328391
6327,35.954544,-83.975931
6330,26.2602,-98.16289
6334,30.447125,-85.425712
6341,41.788779,-107.235013
6346,43.82402,-95.207102
6351,33.587263,-113.472328
6356,34.318456,-89.946753
6370,32.917914,-96.424863
6374,42.61361,-73.81619
6387,40.642499,-116.935588
6391,35.736661,-101.964503
6393,38.280754,-85.824343
6401,30.379923,-89.352626
6434,42.502808,-94.196683
6441,37.0475,-84.09932
6442,31.704148,-89.078423
6448,31.721755,-89.103784
6462,48.805797,-100.061095
6468,35.337893,-99.593668
6480,45.346995,-118.155651
6492,32.249348,-90.162473
6496,28.255509,-97.683826
6502,40.394822,-95.548779
6517,40.745346,-113.992071
6518,46.006729,-112.609059
6526,42.74149,-86.075
6527,45.631544,-108.916044
6547,44.202149,-105.977701
6562,39.476313,-94.787162
6563,33.693259,-97.162899
6564,46.431309,-119.02469
6565,36.31654,-82.84316
6567,45.692183,-110.491922
6577,39.649051,-77.754243
6578,48.51554,-111.876674
6588,45.914593,-112.377095
6593,35.10475,-111.004881
6607,39.094733,-76.627052
6608,35.115193,-80.779076
6628,35.728154,-79.095043
6632,31.957352,-81.306798
6633,45.346995,-118.155651
6640,38.852989,-104.832627
6642,27.638585,-80.399037
6646,41.522143,-87.425703
6655,39.530469,-76.182073
6659,42.376599,-87.901429
6661,36.53999,-86.638278
6663,35.6814,-80.471806
6677,43.547149,-96.731299
6693,41.404695,-96.445
6701,34.059383,-86.866368
6704,42.360575,-72.636516
6716,46.87378,-96.781022
6721,46.873897,-96.781297
6725,47.504492,-97.372519
6734,38.852989,-104.832627
6736,47.0424,-105.589343
6742,45.351198,-93.907224
6744,48.232624,-101.292026
6745,30.451025,-91.260001
6755,36.237659,-91.727466
6760,42.878759,-78.83464
6765,32.80085,-80.77228
6806,40.414622,-76.332432
6810,37.274585,-77.318338
6811,40.586121,-98.389909
6823,31.883036,-106.582045
6840,32.269357,-107.768247
6842,42.264325,-71.789147
6845,40.778823,-99.741529
6850,42.803479,-105.663946
6857,39.55231,-119.57578
6859,42.004894,-97.426542
6864,34.575046,-93.167446
6869,38.337072,-80.64416
6883,40.889579,-78.211392
6885,38.22761,-81.544613
6886,39.156777,-108.300451
6897,42.867813,-100.545745
6901,41.95536,-96.863918
6915,43.076276,-70.77993
6927,32.6284,-85.38077
6944,45.91746,-119.287479
6948,40.905505,-80.50111
6951,45.346995,-118.155651
6954,41.096044,-74.145785
6960,41.24758,-111.046554
6961,41.135453,-104.819883
6962,41.542526,-109.858018
6963,42.603751,-72.566841
6968,43.780099,-88.44678
6970,44.903969,-91.797801
6971,43.265208,-88.181888
6975,43.783325,-88.26117
6976,43.631957,-88.441209
6980,43.66789,-90.46207
6981,42.777691,-90.309094
6984,38.457626,-81.954513
6986,47.242399,-122.442774
6987,46.947203,-120.209225
6992,46.541692,-122.876499
6994,47.673965,-117.239486
6999,36.570103,-78.04263
7003,37.977897,-77.492528
7004,36.72048,-76.239779
7005,37.946891,-79.28639
7007,41.553565,-93.926758
7013,38.273931,-112.640997
7016,40.761188,-113.009184
7018,40.725695,-111.893603
7023,35.20452,-101.674063
7037,31.049007,-104.664902
7045,36.706535,-108.119628
7051,31.059088,-95.137127
7056,32.484714,-100.355511
7058,33.490247,-101.844304
7059,32.262433,-101.436969
7064,31.883036,-106.582045
7066,29.84851,-97.961756
7072,34.891587,-83.298839
7077,35.247781,-86.781096
7078,36.38167,-84.24589
7080,35.008314,-106.039715
7082,35.03605,-86.877823
7084,45.459512,-98.515479
7087,44.131279,-100.727284
7088,44.099702,-103.172033
7092,43.612662,-96.761217
7095,33.920699,-78.757829
7106,40.988682,-77.818128
7112,40.311838,-76.90038
7116,40.163281,-74.825989
7121,41.051372,-77.158845
7126,41.051372,-77.158845
7128,40.423978,-76.321223
7129,40.988682,-77.818128
7131,40.163281,-74.825989
7132,36.371927,-114.897052
7135,40.160575,-77.291527
7136,40.988682,-77.818128
7137,40.988682,-77.818128
7147,45.48905,-122.67629
7148,45.346995,-118.155651
7154,35.529648,-97.513515
7156,35.529648,-97.513515
7166,39.955837,-83.375091
7169,41.123672,-80.768254
7170,41.162926,-80.611811
7172,41.526061,-83.463318
7173,42.070888,-76.153002
7176,38.745859,-83.846212
7179,41.512101,-74.074018
7180,39.947893,-82.452905
7183,41.639394,-80.8346
7184,39.638148,-83.567881
7189,46.83719,-100.583622
7190,46.83719,-100.583622
7196,35.248787,-82.271586
7197,41.512101,-74.074018
7198,35.7012,-80.39855
7212,43.100698,-77.61361
7213,41.512101,-74.074018
7215,40.766822,-73.682902
7216,42.106617,-76.013397
7220,42.602384,-73.771225
7222,34.941454,-104.700518
7225,34.390429,-103.084793
7226,32.280587,-106.768877
7227,32.118392,-106.667243
7228,35.06514,-106.45309
7229,35.528205,-108.761077
7230,32.269357,-107.768247
7231,35.109649,-106.627863
7234,40.60694,-74.46966
7237,40.927201,-74.917818
7239,39.814911,-75.259651
7240,40.730464,-74.036183
7244,36.166204,-115.062546
7248,36.166204,-115.062546
7263,41.03383,-100.468203
7264,41.03383,-100.468203
7265,41.03383,-100.468203
7267,41.128645,-101.691265
7268,41.256568,-95.940959
7269,40.886928,-98.32637
7282,43.261843,-73.600491
7284,46.872108,-113.99405
7285,42.157684,-78.714406
7286,46.872185,-113.994312
7288,45.669286,-108.771217
7289,37.291987,-93.026482
7291,39.004837,-94.129198
7293,36.891025,-89.536423
7299,38.943888,-91.901129
7300,37.75908,-92.54403
7310,31.852847,-90.394113
7312,40.071319,-80.738473
7314,32.34463,-88.766938
7323,45.737147,-94.951933
7326,43.683938,-93.32121
7327,42.999192,-82.4273
7331,38.49109,-82.644923
7332,42.270587,-83.164648
7335,42.080605,-86.415462
7337,42.316961,-85.180568
7341,42.237919,-71.193512
7344,42.529197,-70.993234
7353,44.848036,-68.784597
7354,43.098277,-70.756258
7357,30.303379,-89.641618
7360,30.556744,-91.956799
7364,41.162926,-80.611811
7370,37.05053,-86.208821
7371,37.52004,-85.880066
7372,38.86478,-84.64789
7379,36.687046,-86.5381
7382,38.966135,-84.636089
7385,39.021373,-99.889256
7387,39.820704,-100.533836
7389,33.921891,-84.484757
7396,41.243379,-82.694155
7398,41.649408,-93.614907
7403,41.188961,-83.649775
7406,41.151434,-95.82229
7407,41.618325,-90.772974
7408,41.142,-82.654951
7410,41.59752,-93.777208
7412,39.909086,-86.032263
7416,41.522143,-87.425703
7417,41.371646,-86.50732
7418,40.764698,-86.127561
7421,39.812521,-85.171711
7425,39.853556,-85.207053
7429,39.65399,-86.40057
7435,40.765857,-87.15421
7436,39.42886,-85.01511
7437,39.315918,-85.351276
7457,39.147969,-88.514693
7459,39.618426,-90.047771
7466,37.64175,-88.9783
7469,38.616707,-90.177985
7471,40.480756,-88.988568
7482,43.589775,-116.273652
7492,32.6284,-85.38077
7495,33.621607,-84.369261
7504,34.408082,-84.919015
7506,33.038732,-85.029604
7523,44.968199,-84.671537
7533,38.484101,-90.740884
7534,30.373067,-81.55223
7535,27.947974,-82.457098
7543,41.285976,-72.834283
7545,41.285976,-72.834283
7546,41.402042,-71.947261
7551,39.739996,-104.603116
7552,39.74475,-105.488172
7553,40.255389,-103.618459
7574,34.36212,-98.309608
7611,35.081943,-97.88925
7615,34.90383,-110.158188
7617,32.220683,-110.980176
7622,36.926722,-96.051994
7624,32.195445,-109.917846
7625,35.503378,-98.941558
7627,41.176649,-93.783912
7629,34.709725,-87.663906
7635,32.367404,-86.302033
7636,33.501555,-86.839669
7655,35.214975,-99.86684
7705,35.128276,-114.107989
7708,26.613876,-81.803364
7715,37.0475,-84.09932
7718,37.552283,-92.801731
7719,38.819605,-91.103459
7721,47.104984,-104.714823
7722,40.864282,-97.596489
7724,41.341281,-83.41728
7725,39.340891,-82.071314
7733,35.20452,-101.674063
7746,34.463621,-101.77713
7753,35.763781,-95.310526
7767,41.132718,-104.81537
7768,41.135453,-104.819883
7792,30.83713,-91.215207
7798,31.650742,-81.39662
7825,37.992997,-85.704516
7838,44.793654,-93.037276
7871,34.388681,-103.053131
7873,40.722941,-116.016115
7886,39.829482,-84.759208
7930,35.451148,-86.047775
7946,42.501414,-89.021597
7959,41.439116,-104.876926
8840,35.529641,-97.513764
8895,34.706066,-97.244931
8927,35.383761,-96.670518
8936,37.021292,-76.369413
8948,39.708168,-111.835895
8961,31.397048,-103.492931
8977,34.369322,-98.410549
8987,35.483398,-95.203273
9160,40.820416,-98.600237
9161,40.486783,-76.207314
9206,44.661794,-70.152358
9216,40.494183,-75.381324
9241,40.118926,-77.778327
9280,41.347208,-75.283814
9289,41.729039,-75.675804
9340,39.985139,-75.948591
9354,39.934117,-80.167011
9365,34.312724,-79.608388
9381,41.729039,-75.675804
9382,39.828437,-84.760976
9383,39.947893,-82.452905
9386,41.188961,-83.649775
9403,40.730464,-74.036183
9415,40.04554,-75.257966
9423,38.943888,-91.901129
9449,34.050186,-80.924446
9451,38.425861,-95.804295
9467,41.64084,-86.998129
9468,41.589977,-87.223911
9469,35.10598,-81.84225
9485,33.724767,-84.90077
9513,33.531725,-82.011548
9525,34.822277,-81.032738
9528,37.877334,-80.566243
9542,34.087596,-80.959948
9550,42.726004,-87.953841
9553,43.711125,-89.901009
9554,44.600749,-103.861319
9614,43.746194,-99.017509
9618,33.347148,-96.58614
9638,33.822289,-79.442022
9668,43.708777,-98.616276
9675,35.954544,-83.975931
9699,40.798812,-81.376542
9703,41.937139,-80.519395
9712,36.060727,-79.133494
9713,42.344384,-71.088229
9717,43.912543,-100.322359
9724,40.770461,-73.651459
9746,40.658261,-118.141449
9747,40.864282,-97.596489
9763,39.712197,-94.867304
9783,33.536645,-87.993828
9803,35.954544,-83.975931
9808,42.456143,-83.936652
9812,36.000811,-83.957592
9818,41.48015,-71.312244
9821,35.501225,-86.090094
9842,37.921583,-95.170011
9843,39.065487,-96.61409
9851,42.498261,-90.663351
9855,39.260577,-85.953538
9860,41.052135,-86.212146
9862,41.603895,-87.337176
9887,27.948,-80.60931
9941,35.214122,-114.29579
9945,32.64738,-85.378349
9959,37.981111,-77.491611
9962,26.200746,-98.156503
9971,41.812493,-74.742858
9973,41.107422,-74.166196
9990,35.157776,-88.580755
9995,41.59752,-93.777208
9997,33.690595,-85.151572
10006,38.215882,-96.978384
10007,32.025879,-81.101201
10014,36.14705,-86.743676
10015,36.188403,-86.775376
10020,43.595295,-73.277873
10024,39.543295,-110.682703
10028,41.07727,-86.603466
10030,37.15098,-81.152232
10033,38.305594,-77.460813
10047,48.174909,-111.943011
10053,41.548565,-89.152868
10057,39.930401,-86.15776
10058,31.550331,-85.126458
10065,33.671528,-94.128902
10077,35.1346,-90.085388
10085,32.791771,-115.552503
10101,31.155961,-81.405411
10104,33.350803,-84.77674
10109,42.008165,-93.040287
10110,43.59864,-116.548674
10116,39.934541,-88.955688
10122,41.589977,-87.223911
10126,38.483056,-85.762891
10128,37.841545,-94.620301
10135,41.176649,-93.783912
10142,36.722085,-86.578011
10144,37.20094,-87.036961
10146,36.616125,-84.105508
10150,30.479096,-90.44278
10154,30.491955,-92.073362
10157,42.78036,-85.66853
10161,42.839689,-84.219751
10168,42.247499,-84.40565
10172,43.484221,-83.917137
10181,38.255178,-90.402736
10184,34.256037,-88.707231
10192,33.487588,-88.824026
20000,34.738665,-76.886964
20003,35.55835,-78.6175
20006,48.623709,-102.004756
20009,41.03383,-100.468203
20011,42.004894,-97.426542
20012,41.084321,-96.275871
20014,43.463098,-72.097169
20019,39.704163,-75.413297
20024,32.311436,-106.779825
20027,34.995648,-105.377673
20028,36.110944,-115.180487
20031,40.974527,-117.733671
20033,42.074109,-75.648386
20036,43.137218,-78.884772
20042,41.388818,-82.170375
20043,41.499632,-82.97061
20045,41.162926,-80.611811
20049,34.685013,-98.387117
20050,36.066354,-95.797435
20054,45.346995,-118.155651
20062,41.338527,-74.836838
20066,42.252183,-79.761912
20070,41.347208,-75.283814
20072,34.759,-80.415154
20079,35.870621,-88.021541
20082,33.348679,-97.684308
20083,32.000747,-106.582911
20086,33.220319,-97.170848
20105,33.162374,-95.213582
20108,29.259649,-98.39547
20109,29.504059,-98.550689
20114,29.80127,-94.384468
20118,44.295036,-90.85203
20119,44.253559,-88.850299
20121,38.132515,-81.435915
20129,36.73881,-85.20912
44228,42.907866,-82.769824
52040,46.541692,-122.876499
52048,30.551613,-88.212156
52052,33.168073,-92.63401
52065,29.590136,-82.36291
52067,33.636813,-84.401526
52070,30.837693,-82.00698
52081,40.584848,-86.127326
52085,38.857672,-98.815032
52088,36.53124,-88.851782
52089,36.191664,-78.295873
52090,31.761109,-93.089086
52099,43.25617,-83.781181
52103,32.300301,-89.115173
52104,34.366065,-88.70766
52106,45.7888,-108.494244
52107,35.7012,-80.39855
52112,43.370793,-73.444816
52128,36.18956,-86.2654
52140,46.713291,-120.416097
52142,42.298384,-83.878042
52143,34.589452,-84.953944
52145,39.722221,-85.89535
52146,42.859364,-106.297549
52149,38.041113,-84.480123
52150,42.047059,-80.088262
52152,41.236621,-105.435717
52153,42.487209,-87.946859
52155,41.576985,-72.893552
52163,34.408082,-84.919015
52212,41.788779,-107.235013
52221,32.703811,-96.579587
52222,30.097214,-93.727154
52230,41.24433,-111.984804
52233,32.698527,-114.619557
52235,41.236621,-105.435717
52236,33.560228,-110.677237
52239,31.491542,-83.515686
52241,39.091517,-104.872636
52250,42.069464,-72.101805
52255,41.673036,-88.090596
52262,31.469581,-87.345112
52278,32.906228,-81.79573
52297,36.993515,-86.4421
52299,30.439716,-91.201833
52302,30.153262,-93.641434
52304,30.375632,-91.055409
52307,43.982364,-94.62697
52313,32.303368,-90.890285
52322,40.322265,-74.486288
52323,40.746037,-74.189561
52325,41.473761,-73.663165
52326,38.701181,-90.226706
52334,45.365081,-88.957906
52335,37.097556,-76.466323
52340,40.424573,-78.429357
52344,46.837864,-100.583575
52346,39.22186,-76.521911
52348,42.394734,-83.068496
52361,32.703811,-96.579587
52363,43.424727,-85.496296
52364,32.443063,-91.493743
52365,34.139873,-87.989305
52366,35.881695,-90.164945
52367,37.977897,-77.492528
52383,33.180613,-87.370628
52384,32.681901,-81.186964
52385,40.323843,-82.900222
52387,34.613181,-89.879558
52388,35.078108,-81.720899
52393,43.832699,-94.427929
52400,42.726002,-87.953841
52401,35.179488,-92.755133
52402,32.451546,-94.001155
52403,30.379923,-89.352626
52404,41.113429,-114.967213
52405,41.595537,-90.346965
52411,40.77426,-111.871858
52413,41.137852,-83.658841
52414,48.256829,-122.257066
52421,41.144728,-78.800719
52422,44.876516,-91.929683
52423,46.008484,-112.632778
52426,34.059383,-86.866368
52427,39.607815,-119.249808
52428,34.050186,-80.924446
52430,34.948727,-85.176667
52431,35.108385,-82.61211
52435,30.216036,-93.325399
52438,36.580654,-89.556874
52439,31.315747,-89.302961
52441,34.739224,-76.886626
52450,32.54904,-96.82761
52452,43.996569,-88.582384
52454,40.318219,-83.100467
52455,34.167511,-97.169408
52456,37.075253,-94.385723
52458,36.237659,-91.727466
52461,40.070699,-74.859117
52463,36.110944,-115.180487
52464,41.41307,-76.49215
52465,35.283986,-93.087917
52466,39.601093,-75.943023
52467,34.087596,-80.959948
52468,35.529648,-97.513515
52469,33.90435,-98.485753
52470,41.553565,-93.926758
52471,40.455669,-84.169148
52472,40.160575,-77.291527
52473,39.708168,-111.835895
52474,42.316961,-85.180568
52477,46.873954,-96.781989
52478,38.328429,-83.001628
52479,34.346679,-83.31839
52480,35.176679,-95.612904
52482,30.831289,-82.005084
52483,38.980742,-99.718557
52484,39.182575,-84.27773
52493,42.873804,-89.532971
52510,38.584906,-83.553939
52511,39.667843,-86.08251
52512,33.360983,-97.182312
52513,32.275831,-90.197567
52514,36.759087,-89.585165
52516,35.023979,-110.696884
52517,33.903243,-102.297757
52520,41.98055,-76.51534
52527,31.029824,-82.75862
52528,39.004837,-94.129198
52529,45.216488,-112.63571
52531,39.3247,-94.70392
52534,35.691347,-84.862368
52535,31.382308,-96.023166
52537,44.903969,-91.797801
52539,33.636813,-84.401526
52541,45.786506,-87.082802
52542,30.58346,-84.405362
52546,30.890338,-84.566343
52548,40.785805,-97.80713
52549,41.394374,-81.653276
52550,35.027658,-85.347723
52551,30.696745,-85.992268
52552,38.720324,-94.461356
52553,35.055164,-106.836787
52557,34.722411,-87.812164
52558,34.514395,-93.061828
52562,40.770415,-73.651828
52563,30.644195,-83.189665
52564,37.085489,-94.513431
52565,27.7702,-99.36656
52566,27.7702,-99.36656
52575,37.107882,-113.592713
52577,41.257014,-95.852994
52580,31.2461,-81.50025
52581,32.195445,-109.917846
52582,42.879912,-97.320894
52585,46.83719,-100.583622
52587,40.770145,-73.916474
52588,33.679947,-101.835976
52590,36.687046,-86.5381
52591,37.981111,-77.491611
52594,40.166807,-80.08434
52595,40.92035,-75.647935
52597,40.205564,-77.276863
52598,39.006124,-78.3072
52599,40.118926,-77.778327
52601,36.237659,-91.727466
52602,40.158033,-77.704628
52603,47.45745,-99.116944
52605,41.391814,-87.774967
52607,36.018088,-87.343403
52608,35.714079,-81.229281
52610,42.047059,-80.088262
52611,29.32915,-100.8171
52612,34.88223,-102.258459
52615,41.443845,-82.075287
52616,31.302921,-85.772375
52618,35.078108,-81.720899
52620,38.980742,-99.718557
52621,38.980742,-99.718557
52622,32.13918,-101.80667
52623,41.892224,-72.297655
52624,45.233014,-118.44707
52625,38.217938,-91.181933
52626,31.149603,-81.49339
52628,33.587263,-113.472328
52629,46.947203,-120.209225
52630,39.679165,-75.487771
52632,39.667843,-86.08251
52633,35.023775,-76.899254
52634,40.669931,-99.04632
52635,35.463458,-97.472328
52636,38.167133,-87.596364
52638,31.57562,-102.891892
52640,41.492867,-87.509219
52641,31.650742,-81.39662
52642,32.801275,-79.946423
52643,32.82287,-96.316092
52644,36.54517,-77.576395
52646,39.719235,-104.734902
52647,40.039673,-81.393621
52648,31.738866,-99.946335
52649,29.476494,-81.206879
52651,29.686867,-98.122239
52652,39.05706,-84.431066
52656,31.174924,-105.357485
52658,35.483398,-95.203273
52659,32.229033,-108.237607
52661,32.904147,-97.316662
52663,33.180613,-87.370628
52664,41.102059,-75.960896
52667,32.341135,-89.238235
52669,40.872239,-75.048189
52674,32.460137,-99.861694
52675,46.404968,-105.8541
52676,41.128434,-78.761217
52678,31.740645,-100.285401
52679,40.128108,-74.717403
52680,29.701975,-81.327095
52683,36.185057,-94.130002
52684,41.834208,-90.192957
52685,34.976065,-90.902119
52686,35.170444,-113.514914
52687,33.666977,-114.214853
52690,27.442845,-80.28839
52691,33.744372,-85.288121
52692,38.732172,-89.894624
52697,40.913747,-111.891175
60084,31.161785,-85.191566
60106,31.257007,-85.662761
60114,31.307806,-85.841576
60136,31.325933,-85.337523
60145,30.621113,-85.712436
60147,32.801977,-86.580386
60191,33.587263,-113.472328
60206,37.533849,-104.705542
60208,41.643351,-72.677335
60220,28.721248,-81.59465
60224,31.223964,-84.196198
60226,31.76578,-84.446685
60229,38.343998,-85.70016
60230,31.15262,-84.141199
60242,42.074117,-90.175154
60243,41.151434,-95.82229
60245,42.868555,-114.854709
60248,40.322265,-74.486288
60250,40.322265,-74.486288
60255,41.994164,-87.873171
60256,42.603751,-72.566841
60270,38.783766,-87.155568
60273,38.980742,-99.718557
60280,37.899537,-97.774633
60282,37.638187,-97.307828
60294,30.364091,-91.642826
60295,30.247364,-92.111954
60298,30.418707,-92.04714
60313,39.396667,-76.405963
60316,43.655049,-70.272755
60324,42.394734,-83.068496
60326,35.152148,-90.021193
60328,43.013273,-83.643096
60329,44.325631,-84.776125
60333,45.968171,-86.199332
60341,42.357612,-82.964447
60342,44.764093,-85.618207
60344,42.72216,-85.67064
60347,43.647782,-93.368713
60358,46.876129,-96.442764
60372,37.197114,-94.279013
60373,36.921921,-89.317703
60374,37.891286,-93.626962
60379,39.243504,-91.645506
60380,40.522293,-92.525256
60382,39.3247,-94.70392
60383,38.819605,-91.103459
60392,32.297112,-89.803439
60398,45.692183,-110.491922
60400,48.773047,-104.55031
60416,34.442594,-78.959548
60420,40.038,-99.367733
60426,42.854007,-71.491633
60434,40.633198,-74.237233
60442,41.645044,-88.417539
60460,40.329058,-81.940203
60461,40.455669,-84.169148
60463,40.455669,-84.169148
60465,40.549477,-83.111468
60471,41.588542,-81.447698
60473,40.886223,-82.12543
60476,36.842867,-95.935239
60508,40.792359,-75.967054
60513,33.43659,-79.131445
60515,34.773974,-80.38236
60516,33.383849,-80.518539
60519,44.37016,-98.103906
60538,30.687462,-96.374235
60539,30.596538,-93.911848
60540,29.424236,-98.455343
60551,33.465153,-94.469412
60554,34.244572,-101.708805
60565,35.22871,-100.01197
60579,37.271828,-79.940557
60587,47.367683,-120.126858
60589,44.941101,-91.14645
60590,42.680157,-90.117763
60601,46.720746,-92.129672
60635,36.287586,-92.509221
60650,32.947397,-112.71651
60700,39.755407,-105.221342
60707,40.246057,-104.053855
60708,39.746045,-102.173517
60762,31.778441,-82.34861
60768,34.204966,-84.812351
60773,32.283446,-83.467076
60779,33.296026,-83.379414
60781,32.421586,-83.760257
60783,34.616081,-83.527258
60787,33.776864,-84.610836
60788,32.999061,-82.408422
60791,32.78779,-83.72476
60795,31.592053,-83.250586
60797,34.206352,-85.041201
60804,32.867628,-82.39527
60807,40.995858,-92.229822
60817,41.980928,-91.66777
60822,43.084591,-91.56845
60829,39.681358,-90.456603
60833,38.642977,-87.816322
60834,41.88008,-87.745038
60839,40.022582,-88.567502
60846,41.728217,-89.920049
60851,41.904061,-88.037905
60857,38.704978,-88.160282
60865,41.813881,-87.753821
60871,39.392874,-89.044373
60881,38.280754,-85.824343
60882,41.589201,-85.834755
60887,38.280754,-85.824343
60890,41.169305,-87.854215
60900,41.673961,-86.617149
60902,41.676373,-86.251986
60913,37.967851,-100.875096
60926,42.90165,-78.824531
60958,40.91258,-74.545119
60979,30.153262,-93.641434
60988,42.194373,-72.934157
60989,42.194373,-72.934157
60993,42.311494,-71.428408
60997,42.169114,-72.455247
60998,42.169114,-72.455247
61004,42.070418,-72.099691
61006,42.241505,-71.742962
61019,38.45781,-75.734721
61021,38.128829,-75.695754
61028,43.652534,-84.20374
61030,42.346578,-83.004219
61032,43.819705,-84.766021
61034,42.394734,-83.068496
61037,43.25617,-83.781181
61038,42.274498,-83.205582
61042,42.37342,-85.65549
61057,45.791575,-87.08027
61063,42.636005,-84.717129
61076,45.969165,-92.9576
61080,46.510903,-95.356083
61090,48.119123,-96.181539
61093,43.637784,-95.564543
61099,38.611423,-90.203891
61102,38.889119,-92.267947
61106,38.307611,-92.579041
61110,39.3247,-94.70392
61111,40.116435,-94.061761
61115,39.754355,-92.4678
61118,38.219685,-94.352837
61145,31.244881,-89.275645
61146,32.070061,-88.894387
61149,32.51327,-88.544844
61168,33.779811,-90.721636
61171,30.851815,-89.155941
61176,48.576523,-108.97666
61182,47.067039,-109.423695
61193,41.041067,-83.650204
61195,34.986387,-78.306302
61205,35.268478,-78.947453
61210,36.127853,-79.746166
61254,36.273776,-79.065876
61266,48.11154,-98.871914
61269,47.937809,-97.093339
61271,46.923393,-98.00121
61291,42.904148,-72.515804
61292,40.731267,-74.035757
61301,39.934787,-75.030861
61304,40.311102,-74.516198
61305,40.347103,-74.498029
61308,40.785209,-74.135474
61312,40.503083,-74.85339
61326,40.416137,-74.4457
61328,40.477956,-74.423737
61333,40.848006,-73.984993
61337,39.730302,-75.474052
61339,40.730464,-74.036183
61346,40.848838,-74.016318
61357,32.87379,-105.965318
61364,36.706535,-108.119628
61409,43.246681,-76.722993
61410,43.17791,-77.59733
61421,41.378333,-82.225022
61430,41.378333,-82.225022
61431,41.378333,-82.225022
61439,40.940313,-80.591568
61449,41.378333,-82.225022
61450,41.378333,-82.225022
61453,41.588542,-81.447698
61458,40.917844,-80.607115
61459,40.911603,-80.519678
61461,41.657426,-83.509277
61477,33.894258,-95.493989
61483,32.558291,-93.656342
61492,41.176649,-93.783912
61508,40.219422,-79.602421
61509,40.018995,-78.503832
61511,40.486783,-76.207314
61515,40.160575,-77.291527
61540,40.121952,-74.841041
61559,40.008415,-79.078581
61560,40.008415,-79.078581
61567,40.158033,-77.704628
61569,41.822158,-79.115667
61570,40.04554,-75.257966
61571,40.327747,-79.641212
61594,34.859505,-82.26427
61595,34.859505,-82.26427
61596,28.533929,-81.368262
61597,35.078108,-81.720899
61598,33.636982,-79.432298
61599,34.038184,-81.112091
61605,34.208039,-79.518858
61616,34.172133,-81.306482
61621,43.708777,-98.616276
61625,44.890092,-96.923448
61633,35.978662,-85.006448
61642,39.280967,-94.419494
61646,35.37648,-89.45185
61651,36.394326,-82.653733
61654,35.745318,-89.531752
61656,36.445354,-89.033943
61660,35.426309,-86.01365
61684,31.258194,-95.988085
61730,31.947692,-102.141173
61747,29.31015,-98.616835
61751,32.736621,-102.672269
61761,31.103541,-94.832454
61763,32.268612,-101.390256
61787,36.662261,-76.881992
61796,36.684877,-79.867204
61799,37.103991,-81.113601
61804,36.948156,-77.401127
61806,30.327952,-81.572912
61819,32.445633,-94.721379
61830,44.281094,-88.336037
61832,45.401061,-91.809408
61835,42.754583,-87.953977
61843,43.44851,-88.620444
61849,43.093382,-88.908754
61862,44.037655,-89.088487
61867,43.943723,-90.820769
61877,42.859986,-88.65782
61879,44.259524,-89.810705
61880,44.387399,-89.835478
61908,41.929458,-83.43012
61968,34.167511,-97.169408
61978,41.034051,-81.587269
61983,44.94069,-68.65405
61996,36.73881,-85.20912
61998,42.61621,-70.65257
62008,41.102059,-75.960896
62016,38.54494,-90.26605
62075,37.752554,-100.019246
62097,35.658027,-92.315188
62211,40.246057,-104.053855
62238,29.714198,-81.518889
62283,31.858646,-82.571342
62316,42.471035,-91.145913
62355,31.660572,-106.240373
62370,41.994164,-87.873171
62399,41.72149,-85.817484
62462,37.728674,-87.122327
62467,38.356731,-82.899742
62480,35.480195,-91.925397
62487,30.74857,-91.29135
62500,30.153262,-93.641434
62547,45.027402,-84.67148
62550,42.208726,-83.393148
62559,42.835074,-82.59579
62560,43.025442,-85.780077
62701,39.695581,-79.272408
62710,45.834901,-109.955427
62753,46.876645,-96.882144
62768,42.806311,-102.203283
62774,43.199394,-71.147469
62790,40.8416,-73.999522
62800,40.46634,-74.289261
62817,35.21309,-88.361084
62824,39.607815,-119.249808
62841,42.857326,-76.118423
62844,40.770461,-73.651459
62850,40.770415,-73.651828
62887,39.288288,-84.433657
62911,36.802761,-77.984793
62918,41.248405,-80.521527
62991,41.347208,-75.283814
62996,40.499225,-78.062652
63013,41.842785,-71.410945
63018,32.87756,-81.06519
63126,29.47941,-98.25124
63193,38.71358,-77.79474
63211,48.416772,-119.50985
63246,42.754583,-87.953977
63313,35.23675,-90.215335
63330,34.35868,-85.057927
63336,41.524185,-88.137517
63349,37.060849,-88.183608
63351,37.461661,-84.335599
63353,43.030809,-77.906869
63376,44.765656,-93.578288
63379,39.004837,-94.129198
63388,35.30716,-78.60945
63391,41.124375,-100.763943
63409,42.997547,-78.43505
63428,35.452181,-95.727747
63442,35.282725,-83.631273
63455,39.005801,-78.308292
63456,37.285735,-77.38875
63495,30.109019,-93.731816
63498,35.403959,-82.527881
63500,41.847251,-87.642017
63501,40.160575,-77.291527
63502,35.165831,-94.673044
63506,44.522526,-89.584834
63509,34.346679,-83.31839
63510,34.312724,-79.608388
63511,33.090258,-80.649625
63512,35.714079,-81.229281
63516,39.005801,-78.308292
63517,32.371565,-86.265624
63519,38.438661,-81.828929
63522,36.18956,-86.2654
63523,34.512873,-86.900425
63524,31.491542,-83.515686
63530,30.053496,-89.948968
63532,35.715233,-95.337077
63533,43.843468,-116.76493
63538,45.052816,-87.743245
63540,29.900523,-82.748527
63545,35.078108,-81.720899
63546,32.93543,-82.809415
63563,31.049007,-104.664902
63564,39.956603,-83.093921
63565,32.947397,-112.71651
63566,30.439716,-91.201833
63568,38.471186,-96.186405
63569,41.476531,-95.337962
63570,40.039408,-81.394927
63571,30.03408,-89.939259
63572,34.477695,-114.338523
63574,44.008371,-116.941655
63575,35.429467,-96.299667
63577,41.36435,-89.191779
63579,30.195395,-92.027287
63580,42.342067,-92.033404
63581,38.052701,-84.72994
63582,41.438435,-97.231564
63583,41.511128,-97.246619
63584,31.035485,-82.734763
63586,36.182682,-95.34285
63587,38.92901,-97.36148
63588,42.662025,-87.952142
63594,37.060849,-88.183608
63595,40.455669,-84.169148
63596,38.611423,-90.203891
63597,32.229033,-108.237607
63598,42.726004,-87.953841
63599,40.77426,-111.871858
63600,32.34969,-90.151849
63601,32.755432,-97.709982
63602,34.941477,-104.700557
63603,31.339103,-94.72882
63604,29.384772,-81.856539
63605,38.204624,-85.329067
63606,40.046679,-86.469214
63607,37.30043,-79.96342
63608,42.280869,-89.19863
63609,42.219317,-89.108748
63612,27.446975,-80.326054
63613,32.350206,-108.708706
63614,31.302921,-85.772375
63615,37.239673,-80.225093
63616,42.330246,-83.742859
63619,32.446253,-91.546471
63620,32.297112,-89.803439
63621,32.697406,-96.823184
63623,27.446975,-80.326054
63624,30.247364,-92.111954
63625,39.729757,-75.468235
63627,34.493928,-89.008353
63628,30.879876,-88.082158
63629,44.903969,-91.797801
63630,39.778196,-104.896881
63635,39.065487,-96.61409
63636,31.467825,-110.992551
63637,39.965281,-83.300876
63639,39.853556,-85.207053
63640,38.084819,-83.925606
63641,27.984834,-82.272025
63642,35.206991,-92.444985
63648,32.345429,-81.751686
63649,31.071321,-82.663857
63651,33.995194,-83.337285
63652,40.894882,-91.556092
63653,42.085463,-110.948479
63661,34.962063,-89.827761
63662,29.900216,-82.749204
63667,33.286338,-79.694134
63668,33.637506,-80.877457
63669,32.585648,-96.676186
63671,42.062708,-104.184378
63676,45.55008,-84.782376
63680,43.129291,-71.486803
63685,35.22209,-88.319768
63690,33.897179,-93.305145
63691,30.523771,-82.034915
63694,32.315498,-90.191523
63695,33.737112,-85.032103
63697,36.970897,-76.417748
63699,41.815491,-90.445506
63700,42.651483,-84.153572
63701,40.761188,-113.009184
63702,38.210584,-85.672081
63703,39.917251,-83.0121
63704,39.288288,-84.433657
63706,42.952599,-87.935011
63715,40.77426,-111.871858
63716,41.994164,-87.873171
63718,39.934541,-88.955688
63720,33.410738,-112.000145
63721,27.814724,-97.637973
63722,30.439716,-91.201833
63724,35.625213,-88.974343
63725,34.408082,-84.919015
63726,35.246262,-96.929896
63727,40.770461,-73.651459
63728,41.618325,-90.772974
63729,40.737522,-114.058384
63730,41.32655,-83.435724
63731,30.079141,-92.682684
63732,32.573052,-111.322735
63734,35.234029,-77.553994
63736,31.049007,-104.664902
63737,30.243315,-92.193044
63738,40.26495,-96.746759
63740,36.73489,-79.38207
63741,37.37263,-77.345758
63743,41.102059,-75.960896
63744,37.060849,-88.183608
63745,38.167133,-87.596364
63746,35.077538,-81.720836
63747,38.683528,-84.959086
63751,32.275831,-90.197567
63752,41.162926,-80.611811
63753,34.43436,-84.69439
63754,38.196592,-80.861762
63755,35.40675,-94.681301
63756,33.49838,-82.328088
63759,36.762722,-94.927253
63760,30.425409,-91.161967
63761,45.218094,-93.595774
63762,41.169305,-87.854215
63763,41.33044,-89.094397
63764,31.731825,-96.183193
63766,44.300103,-84.66874
63767,33.737311,-101.842217
63768,39.000916,-93.742773
63770,41.763379,-81.009261
63771,43.057922,-92.687393
63773,39.244759,-94.428756
63774,39.598276,-77.821514
63775,42.492999,-89.037369
63776,44.144889,-93.99933
63777,43.986137,-93.257568
63778,44.930681,-93.1021
63781,39.557346,-82.955975
63782,38.425861,-95.804295
63787,34.839879,-89.988686
63789,40.094477,-86.507348
63790,36.394326,-82.653733
63791,31.571648,-97.116406
63792,29.590136,-82.36291
63793,36.406165,-99.371615
63794,33.148844,-95.44551
63795,36.455829,-103.186446
63796,36.074377,-79.262367
63798,36.883075,-81.385429
63799,35.200181,-95.629296
63800,41.285976,-72.834283
63801,39.3247,-94.70392
63802,35.10475,-111.004881
63803,38.920482,-89.247622
63805,27.762054,-98.109404
63812,37.429063,-85.882982
63813,29.438465,-98.402989
63828,34.11737,-86.116727
63829,33.102994,-86.745955
63836,40.16067,-77.29161
63841,33.296508,-93.250546
63846,35.065689,-94.164718
63848,33.517395,-93.937148
63850,35.227155,-111.804058
63854,34.73384,-94.104078
63855,31.978691,-110.307104
63856,34.344829,-112.119283
63870,40.224649,-105.266387
63871,39.108265,-108.500082
63876,30.422596,-84.289971
63887,34.242131,-84.895144
63893,33.750801,-84.389855
63894,34.408082,-84.919015
63895,33.79224,-82.4836
63904,32.235728,-81.151467
63907,34.160973,-83.633492
63909,30.831289,-82.005084
63910,32.847736,-83.626521
63912,31.477885,-81.447598
63914,34.387647,-83.666941
63915,31.998788,-102.068651
63922,31.831528,-81.594699
63925,30.75036,-83.273235
63931,34.465587,-79.349573
63937,41.151434,-95.82229
63938,41.026035,-95.232931
63942,30.049144,-89.957137
63946,41.36435,-89.191779
63955,39.681358,-90.456603
63957,39.186389,-86.533079
63959,41.803769,-88.203911
63960,41.529316,-84.804694
63962,41.601906,-87.310842
63964,29.309949,-98.616094
63965,40.565705,-86.939845
63966,41.080496,-85.138361
63972,41.720329,-85.420226
63977,38.280754,-85.824343
63978,41.601906,-87.310842
63979,30.099599,-91.941429
63988,37.530261,-95.729182
63990,39.764994,-94.853022
63992,38.19732,-95.250653
63994,39.065487,-96.61409
63997,37.665152,-96.7416
64001,37.628031,-96.22969
64002,37.834383,-85.732171
64003,37.402325,-86.87605
64016,37.199972,-86.704759
64020,31.30642,-92.448762
64021,30.746908,-90.334445
64028,29.972526,-92.103268
64029,30.049142,-89.95714
64030,29.85196,-89.98643
64034,29.790986,-91.502113
64036,29.608289,-90.667622
64040,30.079141,-92.682684
64042,30.941014,-90.524541
64043,32.517677,-93.731224
64044,29.993022,-89.941675
64045,30.460695,-91.210835
64047,30.533152,-91.40638
64048,30.439716,-91.201833
64049,29.574938,-90.380221
64050,29.974588,-90.1113
64058,30.153262,-93.641434
64059,40.563463,-79.833448
64060,32.81213,-93.995013
64062,42.080216,-71.620969
64063,42.167465,-71.893847
64069,38.696994,-76.847844
64072,43.411251,-84.666756
64082,43.522479,-83.882652
64083,41.798182,-83.688143
64084,42.297534,-84.12322
64085,42.274303,-83.205769
64087,42.989248,-82.468683
64091,45.975627,-94.3397
64092,33.188738,-87.324975
64097,45.124443,-94.986691
64098,43.637784,-95.564543
64101,37.384945,-93.151292
64106,37.008052,-94.556857
64112,37.188831,-93.47839
64116,42.651483,-84.153572
64120,46.476397,-89.932142
64122,34.995648,-105.377673
64124,28.198275,-81.140396
64126,47.264427,-93.623288
64132,34.981809,-88.495016
64139,30.922973,-88.508961
64153,35.938523,-78.817952
64155,36.35354,-78.38097
64156,35.486645,-78.752596
64163,34.975377,-80.505969
64167,42.902721,-71.363998
64170,34.997427,-78.828582
64171,35.268845,-78.391419
64172,40.962736,-96.441078
64173,40.81367,-96.720852
64181,40.427415,-74.416967
64182,41.142054,-74.611355
64183,40.497297,-74.458612
64187,35.590056,-105.215703
64189,32.217331,-106.700775
64195,40.689085,-73.869974
64201,34.997427,-78.828582
64206,40.09073,-74.03908
64210,40.579155,-74.412088
64211,32.418829,-104.22908
64215,33.256978,-103.317705
64216,42.293737,-76.715307
64218,40.770138,-73.916454
64221,41.206693,-81.672937
64223,39.142303,-84.516054
64224,41.331243,-81.684571
64227,39.289418,-81.566845
64229,39.947893,-82.452905
64230,39.947893,-82.452905
64231,41.398519,-82.226853
64233,39.243451,-84.775975
64235,41.110829,-83.160408
64236,40.787054,-83.25527
64243,34.637537,-99.258669
64244,34.908715,-95.826569
64256,35.483398,-95.203273
64261,35.623218,-95.971481
64264,36.443779,-97.870609
64265,35.521732,-98.707749
64270,40.147796,-74.897423
64274,41.338527,-74.836838
64275,40.090261,-75.376512
64282,41.060856,-75.774071
64285,35.078108,-81.720899
64287,34.068808,-80.917507
64288,34.068808,-80.917507
64294,34.899557,-82.273027
64298,34.038184,-81.112091
64299,32.77633,-80.247657
64300,34.038184,-81.112091
64301,34.068808,-80.917507
64307,32.930073,-80.689821
64309,34.038184,-81.112091
64310,33.090258,-80.649625
64313,43.547149,-96.731299
64314,44.00802,-97.388443
64336,43.94454,-90.320651
64337,30.64964,-97.67986
64343,32.48601,-93.771281
64347,36.586339,-79.392555
64350,28.338309,-98.027169
64352,30.890953,-102.783356
64355,30.08173,-96.078795
64360,28.255512,-97.683814
64374,33.949041,-98.8013
64382,31.307752,-96.632157
64390,31.947692,-102.141173
64393,29.686867,-98.122239
64399,34.72418,-100.533991
64406,29.545109,-98.055709
64407,27.341409,-98.121018
64408,29.30755,-98.399275
64409,29.554624,-98.347309
64420,31.90056,-94.392832
64421,33.43603,-96.33599
64422,30.10648,-94.047402
64423,29.31015,-98.616835
64430,41.711791,-112.165705
64431,41.711791,-112.165705
64435,36.586339,-79.392555
64436,37.014666,-77.391743
64438,36.670492,-78.801437
64441,36.725737,-76.585522
64442,48.344907,-122.335843
64445,44.250578,-91.473465
64446,42.672287,-89.01092
64447,44.739932,-88.44618
64451,37.978881,-75.530456
64455,38.078674,-78.88673
64463,42.50012,-89.035979
64474,37.001094,-91.675475
64477,35.65268,-82.0463
64478,41.283027,-110.792471
64479,42.008165,-93.040287
64480,37.964867,-100.839421
64481,37.090523,-94.513179
64482,32.841263,-90.364756
64484,30.678027,-87.987554
64485,32.703811,-96.579587
64486,33.566904,-84.581539
64487,39.147969,-88.514693
64488,30.364091,-91.642826
64490,33.85239,-84.30011
64491,37.72323,-88.93072
64492,39.798617,-86.04525
64493,38.970172,-94.783478
64494,42.30536,-83.109193
64495,42.383183,-83.33985
64496,42.274303,-83.205769
64498,42.44729,-83.102684
64499,36.9209,-89.348515
64500,39.3247,-94.70392
64501,35.320004,-80.751717
64502,39.999012,-83.118416
64503,41.732098,-83.488721
64508,43.106378,-89.316339
64509,42.952599,-87.935011
64511,43.08978,-87.909916
64512,42.97713,-88.04492
64514,32.000747,-106.582911
64517,43.88655,-85.801776
64519,41.102059,-75.960896
64520,37.535871,-77.434646
64521,34.023838,-94.739575
64523,34.896004,-107.58227
64524,41.292899,-81.702657
64525,41.378333,-82.225022
64526,35.70712,-88.668625
64527,38.683528,-84.959086
64528,36.1459,-81.79985
64529,35.20452,-101.674063
64530,31.508329,-82.849368
64532,33.206702,-84.05861
64533,32.066513,-96.439463
64534,43.747096,-70.303134
64535,34.346679,-83.31839
64536,42.665947,-114.492903
64537,31.571648,-97.116406
64538,41.64084,-86.998129
64545,31.720331,-85.830882
64546,34.15197,-85.678913
64554,34.77547,-85.892298
64558,32.37513,-88.739285
64569,30.719212,-88.120463
64571,36.166204,-115.062546
64572,33.229475,-87.57657
64578,32.407076,-85.051618
64581,34.02244,-86.054336
64592,32.905209,-86.634218
64595,29.478498,-81.206558
64599,34.944397,-92.103856
64600,35.066159,-92.418114
64610,36.090239,-93.730715
64617,35.941261,-89.874593
64647,32.434918,-82.498507
64648,33.75187,-84.45901
64651,39.930234,-86.154533
64654,30.334828,-91.018963
64655,36.074377,-79.262367
64656,35.211041,-80.682877
64660,43.025892,-88.200118
64662,42.952599,-87.935011
64664,40.621457,-89.457065
64671,44.295036,-90.85203
64672,39.094891,-84.518
64673,41.536008,-86.896686
64674,41.755038,-71.87739
64675,38.987942,-92.017769
64676,35.529648,-97.513515
64677,37.385929,-84.335344
64678,40.894882,-91.556092
64679,34.639412,-92.446311
64681,32.573052,-111.322735
64682,35.291032,-99.63999
64683,33.75187,-84.45901
64684,39.692301,-86.221144
64687,34.589452,-84.953944
64689,42.333629,-83.052651
64702,40.218177,-80.875188
64706,30.719212,-88.120463
64712,31.555136,-85.253693
64713,31.302863,-85.772376
64715,32.45988,-86.475247
64718,31.912481,-87.735856
64719,32.816607,-85.174494
64721,34.887113,-91.19459
64723,33.864444,-91.479832
64724,43.043462,-76.051496
64755,38.937003,-92.714588
64764,40.036537,-107.912001
64765,40.246057,-104.053855
64773,39.411987,-75.76931
64775,39.707183,-75.549746
64777,26.528916,-80.064171
64778,29.952562,-82.825432
64779,28.43364,-82.46183
64789,25.579697,-80.478341
64793,30.564641,-81.831043
64795,28.459228,-81.472242
64798,26.67549,-80.059895
64803,28.459228,-81.472242
64804,27.981744,-82.462937
64811,32.052543,-84.253813
64815,32.317846,-84.519749
64819,33.6323,-84.31717
64820,31.040471,-84.883054
64825,32.607067,-84.936906
64831,31.931969,-82.680793
64833,31.038653,-83.675285
64834,31.115569,-83.784955
64840,33.981179,-84.955481
64842,32.44894,-81.783414
64843,32.45827,-81.78416
64850,33.439411,-82.023763
64856,41.176649,-93.783912
64857,41.004045,-93.280642
64859,41.649408,-93.614907
64860,41.521775,-90.574087
64862,42.537357,-92.425886
64863,40.629826,-91.303437
64868,40.999779,-91.171929
64871,41.369617,-91.091886
64873,41.151434,-95.82229
64874,41.608638,-93.606503
64875,41.390594,-92.889944
64876,41.151434,-95.82229
64877,42.493875,-96.411246
64880,43.422593,-95.092545
64881,42.748786,-95.151177
64883,41.482441,-95.222114
64884,42.496356,-96.404949
64886,42.457075,-90.67455
64887,44.730324,-116.432797
64888,45.926848,-116.13078
64892,43.67478,-116.912003
64894,40.50983,-88.953415
64902,40.173929,-88.324428
64907,40.625426,-89.278952
64913,40.447517,-90.618281
64914,39.422003,-87.661691
64920,40.16212,-89.355849
64928,41.970406,-87.870749
64929,40.173929,-88.324428
64930,41.612586,-87.68403
64933,40.827895,-84.937673
64938,40.417434,-86.858142
64939,41.077886,-86.891951
64946,38.913846,-85.191344
64949,38.980127,-95.260459
64950,39.840771,-95.527045
64952,37.577085,-101.64531
64961,39.727515,-95.729806
64963,38.405661,-96.489263
64964,37.474814,-100.870929
64969,37.333817,-85.30607
64980,37.187898,-82.894885
64982,38.641109,-83.744529
64984,37.19969,-87.039498
64990,37.118147,-84.943797
64994,39.41916,-81.815545
64996,29.912244,-90.145845
64998,29.668119,-91.047109
64999,32.549471,-93.630583
65000,30.364091,-91.642826
65002,30.248439,-93.018885
65005,32.515499,-92.413833
65006,30.502475,-92.343198
65007,39.97685,-74.87241
65008,36.481336,-80.771329
65011,29.591062,-90.74221
65017,31.04826,-92.041306
65019,30.080362,-91.837769
65021,30.542288,-92.021718
65022,29.733173,-90.642171
65023,30.247364,-92.111954
65025,32.200992,-93.480902
65026,29.992611,-90.375954
65027,30.35279,-93.59777
65030,29.774666,-90.771965
65033,40.455669,-84.169148
65036,32.446253,-91.546471
65037,32.446253,-91.546471
65048,42.545809,-71.871967
65059,39.284342,-76.54068
65062,39.528249,-77.603315
65064,39.528249,-77.603315
65066,38.629066,-75.860676
65067,38.364281,-76.976918
65069,44.308167,-69.808147
65074,45.596204,-68.535071
65075,43.747096,-70.303134
65083,42.30536,-83.109193
65084,42.650779,-83.302056
65086,42.835074,-82.59579
65088,46.495296,-87.888194
65091,43.407321,-83.973311
65092,42.32664,-83.160546
65094,45.027412,-84.688243
65108,42.358164,-82.964808
65113,43.869503,-85.498012
65121,42.208726,-83.393148
65127,42.811772,-85.787331
65129,45.750055,-95.458131
65132,47.514445,-94.984432
65135,44.949017,-95.41697
65136,46.769303,-92.118698
65141,44.022907,-92.748166
65142,43.986272,-91.873161
65153,45.351179,-93.907128
65162,38.766101,-90.180264
65165,37.383614,-89.667451
65171,37.11563,-92.576366
65177,37.139351,-93.443168
65178,38.462738,-90.579035
65180,39.3247,-94.70392
65188,34.851473,-89.744206
65192,31.606508,-89.533915
65194,31.250894,-89.834711
65197,31.629449,-89.180924
65198,32.131136,-90.084795
65204,33.540184,-89.126801
65212,31.200553,-89.035034
65213,31.201229,-89.036916
65214,32.341135,-89.238235
65216,32.298868,-89.803231
65221,32.098033,-90.304724
65223,34.169253,-89.641182
65225,30.821978,-89.136239
65234,35.806726,-77.373247
65241,35.330153,-77.881345
65246,34.997427,-78.828582
65250,34.725199,-76.758809
65251,35.127066,-77.133628
65252,35.962462,-77.305185
65267,35.708552,-77.924093
65268,35.714079,-81.229281
65270,47.325335,-103.91835
65273,47.504492,-97.372519
65274,48.354692,-99.998871
65282,40.40115,-97.577217
65283,42.423887,-97.094239
65284,41.03383,-100.468203
65287,40.669931,-99.04632
65289,40.697337,-96.705223
65290,41.861725,-103.672736
65292,40.671878,-96.179118
65293,41.684752,-88.349872
65294,40.082629,-96.48417
65296,43.129291,-71.486803
65299,42.984543,-70.960511
65308,40.828617,-74.092883
65310,40.521925,-74.36317
65314,39.722272,-75.16634
65315,40.220578,-74.759711
65319,39.809046,-74.97724
65320,41.322842,-73.140237
65328,40.831381,-74.089085
65329,37.089284,-108.73275
65332,39.983662,-75.017878
65334,40.663237,-75.168111
65335,40.685226,-75.150691
65338,40.71735,-74.15604
65339,40.825679,-73.996654
65343,40.579155,-74.412088
65345,40.477956,-74.423737
65350,39.814911,-75.259651
65351,33.518287,-80.435381
65353,40.554693,-74.27792
65359,34.084357,-106.896249
65360,33.358924,-104.522997
65361,35.52106,-106.168606
65365,38.524455,-118.621614
65373,40.770415,-73.651828
65377,42.620127,-73.780521
65379,42.129566,-75.61923
65381,42.567348,-79.112613
65383,42.008824,-78.623099
65386,40.845045,-73.907718
65387,44.576035,-73.524534
65392,42.910317,-76.796508
65395,40.785511,-82.262898
65398,41.25685,-81.372602
65400,40.826195,-82.97312
65406,41.460887,-81.954531
65411,39.05994,-82.63806
65415,41.674259,-84.269119
65423,40.455669,-84.169148
65426,39.718607,-82.986713
65431,40.360814,-80.611279
65441,35.411722,-99.404894
65444,34.021934,-95.547582
65445,33.895549,-94.852145
65451,36.437897,-95.709181
65457,33.727519,-97.159081
65463,41.018386,-81.577206
65469,48.5261,-122.00615
65476,41.129646,-83.373266
65484,40.150885,-75.83619
65490,33.295354,-84.866393
65494,33.49838,-82.328088
65496,39.226198,-84.472786
65513,40.341966,-79.708167
65514,40.49425,-76.210314
65518,40.576708,-80.222449
65521,39.948954,-77.135202
65522,40.121579,-76.03886
65523,39.997711,-78.266924
65524,40.87307,-74.56086
65525,40.158033,-77.704628
65527,39.721302,-77.73268
65530,40.20833,-76.574355
65532,41.105206,-77.485603
65533,41.560405,-77.116421
65537,40.466953,-78.758889
65538,40.619586,-79.73033
65549,40.755203,-75.268528
65552,40.129249,-74.968781
65556,39.928428,-76.823058
65572,33.535038,-81.720724
65573,33.993436,-79.202256
65578,32.852161,-79.974311
65587,34.447126,-82.393501
65588,32.786584,-80.01184
65593,34.24002,-81.463915
65594,34.822277,-81.032738
65598,33.405259,-79.925025
65603,43.01118,-96.795856
65604,40.62043,-82.5102
65608,43.354289,-96.891738
65614,44.408037,-98.47499
65622,36.592216,-82.186532
65624,36.393567,-87.633305
65625,35.144347,-86.587162
65629,41.94318,-74.027323
65639,35.559367,-89.776965
65641,30.758713,-94.649604
65652,32.669416,-97.236343
65659,34.253918,-99.496092
65666,32.791307,-96.743609
65667,33.231652,-97.579789
65671,30.096856,-93.745843
65673,28.709096,-100.464837
65674,28.640504,-100.164534
65678,32.324695,-96.609008
65683,34.641678,-102.715946
65686,27.790598,-97.671962
65690,29.471627,-97.446786
65691,30.495122,-99.748855
65721,33.368797,-97.707821
65724,31.882376,-102.384901
65728,26.226587,-98.178542
65738,28.029208,-97.082291
65755,36.862928,-81.434211
65759,39.383439,-78.299155
65761,36.665891,-76.958687
65762,38.847702,-77.760972
65764,39.116013,-77.564576
65765,37.28026,-79.168095
65767,37.076629,-82.598952
65770,44.920234,-71.950173
65771,42.811991,-72.566271
65789,44.625615,-88.7574
65791,44.458321,-87.520751
65793,44.024847,-89.810546
65794,44.528706,-87.993319
65796,43.996569,-88.582384
65800,43.467868,-88.207245
65804,44.13381,-88.662588
65805,42.726019,-87.953841
65806,43.587091,-88.430795
65809,44.026164,-90.073727
65810,43.94454,-90.320651
65812,42.873124,-89.05548
65813,43.449478,-89.495396
65814,42.952732,-90.972519
65817,44.20119,-91.238052
65818,43.896973,-91.08129
65820,43.194438,-89.344906
65822,44.823427,-89.1313
65824,40.615751,-80.558336
65828,39.286452,-80.733144
65831,42.851551,-106.216427
65835,43.646072,-108.211995
65836,33.000104,-97.293164
65837,40.164711,-82.965446
65842,33.481085,-81.97487
65847,40.149138,-88.252334
65848,43.017526,-83.684428
65849,42.272046,-84.95859
65857,32.582637,-93.391935
65858,41.30297,-86.620727
65859,41.66738,-85.821384
65860,32.88801,-96.467288
65862,38.045678,-78.764521
65863,40.653058,-74.911256
65866,41.810688,-75.685474
65868,36.559863,-80.744616
65873,36.948445,-80.926153
65880,42.19066,-88.38442
65883,38.167133,-87.596364
65885,33.347148,-96.58614
65897,46.659838,-99.175941
65901,37.219294,-85.525862
65909,43.901992,-75.984615
65912,34.487353,-96.04891
65914,40.92496,-98.339361
65915,46.875915,-96.820909
65917,36.755155,-85.148247
65919,35.142672,-90.047793
65921,41.610515,-87.394873
65935,32.975313,-89.950338
65939,48.999942,-119.46131
65962,28.370047,-82.186696
65969,29.660736,-91.120978
65974,43.291896,-84.606906
65978,44.067545,-91.721108
65983,36.061938,-76.607928
65989,35.046356,-107.47464
66014,32.01358,-97.363322
66015,27.94483,-99.33695
66016,38.356731,-82.899742
66017,29.892682,-81.314044
66020,40.039673,-81.393621
66021,37.992997,-85.704516
66022,33.462085,-112.241935
66023,41.151434,-95.82229
66024,36.971605,-80.950192
66025,45.346995,-118.155651
66026,39.098477,-88.577784
66029,34.055142,-118.215911
66030,41.265389,-95.846695
66031,40.039532,-91.498499
66034,39.862999,-88.950276
66035,43.056534,-89.277405
66036,33.602269,-86.807898
66037,33.897179,-93.305145
66038,43.490864,-112.039129
66039,32.316548,-90.911037
66040,35.197935,-113.905838
66041,45.233014,-118.44707
66042,40.988682,-77.818128
66043,32.476094,-97.011053
66044,28.01751,-82.266998
66045,39.638148,-83.567881
66046,41.730918,-85.974958
66050,41.206695,-81.672933
66051,37.67389,-87.026769
66054,41.439116,-104.876926
66055,42.449123,-94.235096
66056,35.978662,-85.006448
66057,42.471408,-88.99521
66059,35.96833,-83.2248
66061,41.105206,-77.485603
66062,43.547149,-96.731299
66065,37.197051,-87.038276
66068,46.499796,-84.344545
66069,42.326165,-71.256772
66070,40.690044,-75.201744
66072,30.512839,-99.770615
66073,37.017199,-88.528834
66074,36.756931,-90.392805
66075,32.801275,-79.946423
66078,35.832242,-83.184038
66083,33.029022,-89.576726
66090,26.226587,-98.178542
66091,37.038627,-78.478542
66093,43.855553,-92.487715
66099,40.731445,-74.113433
66100,32.801275,-79.946423
66103,37.95364,-121.252858
66106,38.273931,-112.640997
66109,30.583586,-92.038494
66110,41.151434,-95.82229
66111,42.90165,-78.824531
66113,40.731267,-74.035757
66114,39.815096,-94.803529
66115,41.162926,-80.611811
66116,41.729039,-75.675804
66117,40.58873,-76.410606
66119,38.752426,-89.907204
66120,36.024809,-83.404064
66121,39.260577,-85.953538
66122,41.169305,-87.854215
66123,41.36435,-89.191779
66125,39.895772,-89.602584
66126,29.620373,-90.90379
66131,40.532566,-74.330193
66133,28.459228,-81.472242
66134,30.511652,-87.295448
66135,30.506877,-87.162744
66136,35.35982,-94.438139
66137,30.303379,-89.641618
66138,33.206702,-84.05861
66139,39.005801,-78.308292
66141,25.853153,-80.402805
66142,28.068682,-82.773411
66149,27.912116,-82.50578
66152,39.667843,-86.08251
66155,30.209373,-97.755807
66156,29.289515,-95.729174
66167,41.603726,-83.145287
66172,27.7702,-99.36656
66173,29.691849,-97.183369
66174,30.514023,-99.790196
66176,35.268845,-78.391419
66177,34.919306,-79.783931
66178,26.2602,-98.16289
66179,39.607815,-119.249808
66182,31.998788,-102.068651
66183,32.38194,-89.479524
66184,40.767507,-73.699278
66185,29.387763,-98.519698
66186,27.222529,-98.141445
66190,48.949024,-116.408223
66193,45.371872,-92.553455
66195,42.40955,-71.67348
66196,32.19448,-96.90166
66198,34.068808,-80.917507
66203,31.140844,-81.492684
66217,40.711277,-73.324317
66219,41.201959,-81.731203
66221,44.882799,-92.620354
66223,28.096666,-97.824535
66224,41.994164,-87.873171
66225,41.727441,-89.009081
66227,37.64175,-88.9783
66229,35.65268,-82.0463
66230,38.980742,-99.718557
66235,39.83403,-84.91044
66236,40.867245,-98.003
66237,35.055164,-106.836787
66238,40.766822,-73.682902
66239,26.664102,-80.716132
66241,41.115992,-97.993253
66242,40.437966,-99.371006
66243,45.155913,-67.416636
66244,28.338309,-98.027169
66247,42.135085,-72.04209
66248,43.747096,-70.303134
66249,42.989606,-70.968345
66250,35.913847,-78.550383
66252,44.724212,-68.619237
66255,44.387955,-71.172726
66257,41.644366,-108.547941
66258,42.907019,-70.813404
66259,31.090663,-97.386644
66261,35.645335,-78.281264
66263,41.338527,-74.836838
66266,41.601906,-87.310842
66267,41.204645,-87.285762
66272,35.916457,-79.946081
66273,33.587751,-86.699494
66274,41.098013,-114.958868
66278,41.5045,-74.075702
66279,30.599274,-97.305061
66284,42.699362,-73.835843
66285,33.599381,-84.290753
66286,35.426238,-86.013674
66290,44.943782,-90.435936
66292,33.677595,-85.32021
66293,33.176182,-83.254063
66294,42.651483,-84.153572
66295,42.726002,-87.953841
66299,42.184643,-71.763375
66300,35.461268,-89.299958
66301,44.207864,-88.337566
66303,43.17173,-89.324553
66307,30.746908,-90.334445
66310,40.163105,-79.756448
66313,36.891025,-89.536423
66314,42.330246,-83.742859
66315,41.734206,-86.792039
66316,35.960903,-83.823231
66317,35.630088,-86.244358
66318,37.824388,-92.154676
66319,42.318977,-88.964437
66320,42.974513,-82.479881
66322,41.169305,-87.854215
66323,46.701664,-113.344071
66328,32.539942,-82.904522
66329,35.077538,-81.720836
66332,32.444127,-96.664087
66334,37.063071,-88.135753
66337,43.706414,-106.639129
66338,33.156691,-94.96951
66339,25.810623,-80.189876
66341,33.958745,-98.529102
66342,34.70753,-83.710423
66346,40.114113,-87.111569
66348,35.066159,-92.418114
66349,34.760542,-92.226756
66352,44.016287,-88.542534
66353,38.219685,-94.352837
66355,34.038184,-81.112091
66357,41.370268,-89.010053
66361,30.915339,-89.173348
66362,32.681901,-81.186964
66363,37.367773,-97.321536
66364,28.459228,-81.472242
66365,40.432667,-74.860849
66368,41.512101,-74.074018
66369,40.114113,-87.111569
66370,35.738195,-77.903225
66371,31.30642,-92.448762
66372,31.054743,-97.453499
66374,31.56118,-94.66828
66376,35.858581,-90.778565
66377,33.000104,-97.293164
66382,40.550383,-93.954744
66383,29.239358,-100.197952
66385,32.582637,-93.391935
66386,36.780721,-79.936614
66388,33.558252,-84.251203
66391,31.802562,-97.092138
66392,33.265226,-93.208508
66393,40.59192,-89.470893
66396,30.99979,-90.505954
66399,33.511077,-86.892572
66400,33.463808,-112.78608
66404,32.837627,-96.600917
66405,43.185318,-84.116241
66406,37.000552,-76.317425
66407,34.409592,-85.652016
66410,34.684062,-87.265685
66416,36.367783,-76.958763
66418,48.9193,-113.43646
66420,47.076161,-114.766286
66422,29.960961,-90.009112
66424,33.410738,-112.000145
66425,34.839879,-89.988686
66428,34.507624,-92.219541
66437,36.394326,-82.653733
66439,41.835357,-87.685668
66440,41.835357,-87.685668
66447,41.518294,-88.111085
66448,30.506451,-90.464316
66449,35.941261,-89.874593
66451,43.176384,-84.769726
66454,30.375632,-91.055409
66456,30.047621,-90.690141
66460,30.106823,-92.124255
66461,33.383549,-102.153447
66465,38.186287,-89.600628
66470,32.324084,-86.33549
66472,30.719212,-88.120463
66474,43.106752,-76.253002
66475,32.677198,-115.382771
66478,39.019357,-95.508966
66480,37.179552,-85.907284
66487,41.756611,-87.915718
66488,40.173929,-88.324428
66495,30.19914,-93.494638
66496,30.63336,-87.039751
66502,30.247364,-92.111954
66504,29.839216,-94.617381
66507,45.867653,-84.723084
66508,41.732098,-83.488721
66509,40.455669,-84.169148
66512,41.864133,-83.406027
66513,44.276265,-84.235946
66514,30.985146,-83.385973
66516,31.491542,-83.515686
66517,46.500236,-84.345849
66518,30.75036,-83.273235
66523,31.416533,-83.503144
66525,41.809171,-83.443802
66527,40.255377,-103.619302
66528,39.258116,-81.555669
66529,36.178492,-80.811686
66531,40.49425,-76.210314
66532,40.636607,-74.901936
66534,38.937003,-92.714588
66537,41.36435,-89.191779
66538,41.49879,-95.59477
66539,41.378333,-82.225022
66547,39.005801,-78.308292
66548,33.405539,-94.045038
66550,45.91746,-119.287479
66552,41.139584,-111.847887
66553,45.346995,-118.155651
66556,36.802761,-77.984793
66560,35.078108,-81.720899
66562,34.483802,-83.0286
66564,35.982722,-80.023889
66565,40.77057,-73.652196
66571,42.447348,-71.227152
66573,38.483528,-101.359061
66579,42.298436,-73.27453
66582,38.968873,-112.323709
66584,36.371927,-114.897052
66586,42.902091,-77.635375
66588,43.702174,-98.025204
66594,32.538752,-82.908601
66595,42.133682,-71.969707
66597,34.93842,-84.444241
66598,35.45318,-95.20099
66601,40.5351,-85.54709
66603,43.608668,-96.572175
66604,41.730918,-85.974958
66606,43.14077,-72.476158
66607,42.902721,-71.363998
66608,29.692907,-82.04252
66612,44.903969,-91.797801
66613,30.153262,-93.641434
66614,42.393339,-82.992643
66615,43.04874,-88.211747
66618,33.383849,-80.518539
66620,37.977897,-77.492528
66622,40.731267,-74.035757
66624,40.147796,-74.897423
66625,37.537438,-77.428287
66628,32.273315,-81.080651
66631,43.025442,-85.780077
66632,34.28631,-83.811961
66635,37.845477,-90.485753
66637,30.652068,-96.320268
66640,32.982294,-87.281898
66643,36.035341,-89.860427
66645,32.523438,-99.946985
66648,33.331511,-87.039455
66649,35.068454,-94.627137
66659,38.753688,-86.495539
66664,42.227627,-91.869923
66667,41.798218,-88.285488
66668,28.459228,-81.472242
66669,30.373394,-81.552323
66670,35.4131,-78.807492
66671,34.620563,-86.148623
66673,34.719925,-86.57961
66676,35.483398,-95.203273
66678,35.528205,-108.761077
66680,32.446253,-91.546471
66683,36.282563,-94.12555
66689,32.434468,-100.535117
66693,35.183772,-103.048637
66705,33.915409,-98.507678
66709,33.176182,-83.254063
66715,40.130839,-104.964677
66717,41.439116,-104.876926
66718,40.635228,-89.6229
66720,35.310071,-82.417364
66721,30.418707,-92.04714
66725,38.210584,-85.672081
66728,36.94988,-81.086728
66734,33.599381,-84.290753
66737,39.558686,-95.127345
66738,39.476165,-94.787393
66739,44.311648,-96.803508
66741,39.814911,-75.259651
66742,39.714038,-75.476185
66746,34.639412,-92.446311
66747,40.458451,-88.864555
66749,29.973894,-90.320813
66750,37.766341,-96.98136
66751,38.471186,-96.186405
66756,41.553565,-93.926758
66760,34.038184,-81.112091
66761,32.939007,-80.683094
66762,32.301742,-96.640875
66763,34.963143,-80.038755
66765,26.137448,-97.6252
66767,34.274736,-88.631861
66769,31.477885,-81.447598
66771,26.578425,-98.120927
66773,32.726012,-103.089705
66774,41.489672,-83.367462
66775,30.701522,-95.607431
66776,41.081983,-83.401178
66778,35.744958,-96.662837
66780,31.434246,-86.954558
66784,32.492448,-87.037902
66785,33.934871,-87.71612
66786,34.70049,-91.92008
66787,31.354284,-89.348628
66788,35.59055,-84.52265
66793,32.808532,-80.036772
66795,43.708777,-98.616276
66796,38.722988,-75.590214
66799,26.047834,-81.683745
66800,29.554624,-98.347309
66801,29.590136,-82.36291
66802,27.465501,-81.435681
66803,26.12609,-98.216389
66804,34.891911,-81.046006
66805,34.935849,-85.198908
66807,32.697406,-96.823184
66809,41.179879,-91.183797
66810,41.978268,-87.959174
66812,40.76609,-87.14982
66813,40.276932,-85.557756
66815,36.692047,-88.303241
66816,43.505517,-70.441685
66817,33.91496,-98.506917
66819,41.853089,-89.226019
66820,30.364091,-91.642826
66821,38.888185,-75.824447
66822,33.175424,-90.861658
66824,31.460251,-100.44396
66827,42.129029,-80.084963
66829,42.100207,-88.754521
66831,42.240415,-83.597774
66833,26.226587,-98.178542
66834,41.428571,-90.463592
66836,39.728078,-75.58625
66838,40.667918,-77.603758
66843,31.883036,-106.582045
66844,29.440853,-96.950664
66845,31.223305,-85.389446
66846,33.298414,-86.368869
66847,33.608132,-86.163123
66848,34.615027,-89.879367
66850,32.37973,-99.758558
66853,27.530757,-97.84034
66854,40.598545,-84.157459
66856,48.043812,-90.427053
66858,33.283962,-111.84137
66859,41.132263,-98.556996
66862,36.139273,-85.805629
66863,35.729425,-84.482249
66865,33.886595,-98.424683
66867,42.172393,-90.673816
66868,26.202211,-98.325709
66869,37.012495,-79.892999
66870,41.44001,-84.33294
66874,31.338117,-94.704274
66876,37.237551,-87.472632
66877,46.756813,-114.082196
66878,45.7888,-108.494244
66879,35.066159,-92.418114
66880,41.051372,-77.158845
66881,38.026659,-97.940224
66888,42.791994,-113.656629
66890,36.602983,-83.684304
66892,42.272046,-84.95859
66893,33.421371,-94.064014
66894,35.720656,-95.402789
66895,33.727519,-97.159081
66897,32.270276,-86.356543
66898,37.253101,-77.396197
66899,35.099544,-80.932007
66900,34.059383,-86.866368
66902,43.256266,-71.73487
66905,43.041819,-71.186849
66906,32.648589,-96.707482
66908,36.916357,-81.264016
66911,32.34463,-88.766938
66912,37.676967,-113.061744
66914,34.739224,-76.886626
66915,37.239673,-80.225093
66918,41.994164,-87.873171
66920,35.320004,-80.751717
66921,31.946018,-81.309628
66922,31.76532,-102.55759
66923,31.216356,-81.486682
66925,34.822277,-81.032738
66927,38.056406,-83.942067
66928,27.506153,-99.49703
66929,38.625587,-90.16243
66931,42.342067,-92.033404
66932,40.924555,-90.607038
66935,44.153617,-87.647958
66937,37.945827,-91.908827
66939,44.440336,-88.005692
66941,33.016307,-96.209815
66942,41.510306,-112.015761
66944,29.336185,-81.130992
66945,37.493274,-77.004952
66946,39.84735,-75.359469
66947,37.607117,-92.300514
66948,43.044445,-76.051215
66951,31.135176,-99.340302
66953,39.260577,-85.953538
66954,35.142672,-90.047793
66955,32.659989,-114.36433
66956,37.032119,-88.350506
66957,35.065781,-86.881814
66958,41.443845,-82.075287
66959,32.34463,-88.766938
66961,28.042917,-81.955155
66962,39.433667,-85.587455
66963,43.909964,-90.88103
66964,40.83811,-83.245559
66965,33.263205,-83.415749
66966,39.638148,-83.567881
66967,41.019358,-81.579984
66968,40.113961,-94.870373
66972,47.673965,-117.239486
66973,37.607117,-92.300514
66976,40.406985,-80.087675
66977,44.945791,-90.316626
66978,41.102424,-83.890435
66979,32.745417,-97.005116
66981,31.773625,-84.448119
66983,38.152767,-76.513306
66984,41.019358,-81.579984
66986,33.643046,-117.979216
66987,33.511254,-82.502321
66988,38.551795,-89.807025
66991,31.71388,-94.064745
66992,31.71388,-94.064745
66993,41.349761,-86.273762
66994,41.371199,-83.978264
66995,40.77057,-73.652196
66997,32.582637,-93.391935
67007,40.75265,-75.250883
67008,38.920482,-89.247622
67009,43.138278,-93.378779
67011,41.239696,-73.757877
67014,34.048051,-118.254187
67016,37.800069,-76.432566
67018,40.208673,-81.8841
67019,40.98866,-81.89262
67020,41.933005,-72.727888
67024,39.97205,-83.02186
67027,48.601656,-93.270504
67030,43.683938,-93.32121
67031,41.573356,-84.00366
67034,41.188961,-83.649775
67037,41.238307,-81.798461
67038,31.135539,-81.484003
67039,38.496175,-90.432747
67040,31.225183,-85.393578
67041,44.915613,-69.688336
67044,33.587263,-113.472328
67047,43.702174,-98.025204
67049,31.713884,-94.064745
67051,38.4841,-90.741122
67053,27.506153,-99.49703
67054,40.822507,-111.916107
67055,42.615466,-112.222229
67056,47.66108,-95.983295
67057,42.531372,-73.75633
67058,40.677202,-93.848643
67060,46.541692,-122.876499
67063,29.686867,-98.122239
67064,36.124967,-96.34067
67065,32.451546,-94.001155
67066,41.662554,-91.543595
67067,40.092737,-104.664935
67069,39.269542,-103.709115
67070,36.164518,-86.781073
67071,42.205758,-86.175279
67073,41.455178,-80.162672
67075,30.746908,-90.334445
67076,30.483273,-90.943849
67077,30.099599,-91.941429
67078,30.483273,-90.943849
67081,33.181477,-84.912758
67082,39.649051,-77.754243
67085,41.107422,-74.166196
67086,34.69393,-77.056512
67087,35.526407,-78.853587
67088,34.038184,-81.112091
67090,33.910737,-96.460245
67091,34.943807,-79.218493
67092,35.835345,-76.765889
67094,35.687979,-79.820229
67095,35.523392,-77.084895
67096,35.047234,-78.856315
67097,35.240873,-77.620609
67101,35.24888,-80.573426
67103,35.845063,-77.053021
67106,37.158777,-77.279691
67107,33.807127,-79.015185
67108,33.855232,-78.808885
67109,36.7259,-76.5854
67113,43.339038,-89.013708
67114,41.112036,-87.867739
67115,35.038861,-85.579776
67117,40.094272,-86.127792
67118,40.529539,-89.498872
67119,37.068274,-84.668879
67120,30.459377,-83.421678
67121,40.770138,-73.916454
67122,35.881841,-90.16494
67125,41.162926,-80.611811
67126,35.678228,-88.779282
67127,32.324084,-86.33549
67129,38.980742,-99.718557
67130,41.837454,-87.669031
67133,41.113429,-114.967213
67137,40.974527,-117.733671
67138,37.238851,-93.224875
67139,38.763877,-84.907988
67140,42.237939,-93.571014
67141,41.553565,-93.926758
67143,41.161783,-85.070266
67149,44.035639,-89.524647
67150,42.008981,-93.550774
67151,41.52065,-93.101759
67155,38.978521,-89.09641
67158,39.55231,-119.57578
67160,39.039863,-81.591266
67162,40.695764,-73.966383
67163,38.805172,-78.641386
67164,41.041821,-111.953366
67165,39.999479,-79.046574
67166,39.811236,-82.714006
67167,44.008371,-116.941655
67168,39.2482,-97.341884
67169,33.480622,-80.853274
67170,30.158304,-82.750405
67174,43.062341,-92.674321
67175,43.352377,-92.058101
67178,42.569025,-92.337527
67182,43.182713,-91.864624
67185,44.455118,-93.160165
67186,44.109198,-93.667443
67192,44.022965,-92.463093
67193,43.805472,-91.753207
67195,44.155209,-94.019222
67196,43.999033,-92.250045
67200,44.751635,-90.289774
67202,44.290085,-91.243211
67204,45.171949,-92.529063
67206,45.283429,-91.637853
67207,43.102972,-88.757747
67208,43.449225,-90.280067
67209,45.178964,-89.704649
67211,43.854893,-88.920219
67219,45.465076,-91.111117
67220,42.937842,-89.517653
67221,43.981359,-88.562062
67223,45.922866,-91.827366
67226,43.869708,-91.231857
67229,44.356019,-88.692561
67230,43.812341,-91.251255
67233,44.169882,-88.011043
67234,43.681271,-90.266086
67235,30.8078,-97.61285
67237,35.796642,-78.755312
67239,32.200992,-93.480902
67241,32.259916,-93.667302
67242,36.180102,-81.141773
67243,34.477695,-114.338523
67245,33.835252,-79.064482
67246,34.747444,-77.408719
67247,42.558372,-71.1409
67248,35.268478,-78.947453
67255,31.958475,-90.385621
67262,31.810558,-85.960466
67264,45.206335,-67.5316
67265,45.432115,-68.451502
67269,40.09771,-74.914825
67271,44.622697,-93.748925
67272,48.37072,-114.240914
67273,34.038184,-81.112091
67274,30.197898,-97.988931
67275,44.570381,-92.593436
67279,39.433667,-85.587455
67281,31.728577,-81.937512
67282,41.729039,-75.675804
67283,36.18124,-85.976802
67284,41.124375,-100.763943
67285,41.553565,-93.926758
67292,33.873252,-86.271795
67293,43.565993,-88.909403
67294,44.982657,-73.381068
67296,36.166204,-115.062546
67297,35.53176,-100.94791
67298,39.926584,-83.410799
67302,43.662207,-94.118865
67303,42.686238,-96.684788
67304,43.38937,-95.822637
67305,32.451546,-94.001155
67306,37.784855,-85.398349
67307,43.054631,-83.310675
67308,29.964878,-90.139113
67311,46.853071,-92.280413
67312,37.22824,-89.56004
67313,31.218277,-94.761856
67316,36.725562,-102.481626
67321,33.860183,-89.84118
67322,34.274736,-88.631861
67323,41.863733,-99.959547
67325,31.372872,-84.930698
67327,35.826512,-93.209214
67328,43.131204,-77.650092
67329,34.483802,-83.0286
67331,33.180613,-87.370628
67333,42.603751,-72.566841
67334,44.687571,-89.640732
67335,35.451148,-86.047775
67336,31.842364,-106.552873
67337,42.754583,-87.953977
67338,36.3436,-97.889973
67340,40.114113,-87.111569
67341,42.120784,-91.265194
67342,37.239673,-80.225093
67343,45.052815,-87.743447
67344,34.059383,-86.866368
67345,33.873252,-86.271795
67348,41.937139,-80.519395
67350,43.631957,-88.441209
67356,42.298875,-85.195175
67357,46.873897,-96.781297
67358,44.882799,-92.620354
67359,43.196754,-112.365256
67360,31.370834,-81.434221
67361,47.161597,-122.298521
67362,35.183772,-103.048637
67364,43.04874,-88.211747
67365,44.09593,-87.73002
67366,42.94105,-88.128862
67367,43.557125,-90.889367
67368,43.338267,-89.014532
67369,42.606299,-87.951548
67370,34.888841,-83.392909
67371,33.897179,-93.305145
67380,40.745064,-113.990533
67381,33.252805,-80.815338
67382,43.839717,-103.199576
67383,41.454919,-82.710989
67389,44.327533,-74.132662
67391,30.282664,-96.964377
67393,33.462085,-112.241935
67394,31.21212,-82.355857
67395,41.553565,-93.926758
67396,42.457075,-90.67455
67397,41.358311,-88.798719
67398,38.141238,-93.727705
67400,40.833253,-83.961355
67401,32.648589,-96.707482
67402,43.435113,-103.481265
67404,41.98437,-92.57743
67405,41.158262,-104.378135
67406,40.766385,-78.087548
67408,42.349832,-90.006802
67409,42.094836,-71.699359
67410,28.521122,-99.857239
67411,38.384901,-104.618881
67414,45.835948,-95.343847
67416,41.413552,-91.057958
67417,33.410738,-112.000145
67418,41.560892,-91.539269
67419,34.408082,-84.919015
67420,36.018088,-87.343403
67421,29.390432,-98.531921
67422,41.624173,-93.619327
67423,36.8549,-95.635027
67424,26.092891,-80.135955
67425,35.20207,-92.64528
67426,37.831865,-99.753248
67427,37.09313,-89.554119
67428,40.322265,-74.486288
67429,40.355134,-74.406018
67431,42.9039,-70.89194
67432,30.475669,-83.889731
67434,39.731808,-94.238432
67435,39.639001,-75.787732
67436,40.160575,-77.291527
67437,43.060534,-71.281678
67438,26.054387,-80.35344
67439,33.051278,-97.47789
67440,39.72109,-80.061669
67442,35.176374,-84.916668
67443,35.23196,-85.86876
67453,27.043754,-82.236011
67455,37.544013,-77.369826
67459,42.757782,-71.063899
67460,44.945791,-90.316626
67463,40.73325,-111.929582
67469,27.937802,-82.293905
67476,43.00924,-83.69073
67477,41.56072,-81.59528
67478,41.656513,-84.006026
67484,34.417702,-77.600891
67500,40.279018,-80.08392
67503,32.739145,-97.0193
67506,31.713884,-94.064745
67508,39.49789,-76.396935
67540,38.799731,-119.328881
67543,41.449984,-87.470183
67550,41.608068,-82.692188
67556,42.100207,-88.754521
67560,42.8689,-78.831924
67566,44.812296,-73.108979
67568,40.443298,-95.063303
67570,42.252402,-76.957299
67571,42.333629,-83.052651
67603,41.019358,-81.579984
67612,46.872108,-113.99405
67613,42.400836,-92.456595
67614,44.028562,-92.648257
67615,44.444228,-92.273087
67616,35.31645,-79.07666
67617,35.027658,-85.347723
67618,41.378333,-82.225022
67619,41.378333,-82.225022
67620,34.706066,-97.244931
67621,47.504619,-111.298751
67622,46.54734,-122.874379
67623,47.711008,-116.94803
67624,39.293557,-102.877235
67625,30.696745,-85.992268
67626,44.89226,-94.369308
67627,30.041161,-82.645393
67628,41.204645,-87.285762
67629,45.218094,-93.595774
67630,44.031449,-88.162905
67634,37.543405,-99.67086
67635,41.573436,-83.468777
67636,39.784716,-101.372718
67637,40.846948,-73.998559
67641,36.711677,-82.792641
67642,39.266929,-81.057145
67643,36.178492,-80.811686
67644,32.218803,-81.502184
67645,29.659186,-82.339176
67647,40.375846,-80.612948
67650,39.953413,-90.20744
67651,36.903058,-90.835489
67652,39.051091,-94.790317
67655,30.303379,-89.641618
67656,44.243197,-88.797242
67657,44.29243,-92.669905
67658,40.770461,-73.651459
67664,32.429876,-97.497442
67665,39.90036,-95.787659
67666,35.529651,-97.513317
67668,29.784124,-90.859363
67669,33.355075,-116.018047
67676,34.196775,-91.95961
67677,30.67466,-96.373141
67678,41.489672,-83.367462
67682,39.459316,-98.091838
67683,40.853554,-99.975618
67684,42.237939,-93.571014
67685,41.961756,-91.673537
67686,37.39,-97.432949
67690,31.68102,-96.493698
67695,38.039722,-83.448761
67697,33.383849,-80.518539
67698,45.9452,-103.390936
67699,30.674965,-92.91796
67701,46.83719,-100.583622
67702,28.255954,-82.472687
67703,27.86803,-82.700151
67705,40.434551,-74.512389
67706,40.11673,-74.757629
67707,40.628998,-74.240955
67711,29.597596,-90.720783
67712,39.013632,-104.825655
67715,35.411715,-99.407521
67716,44.557693,-94.194456
67718,31.096636,-85.708684
67720,34.068808,-80.917507
67721,42.371206,-88.851542
67723,31.508902,-82.850391
67724,37.291987,-93.026482
67726,35.622166,-77.237453
67727,35.600451,-77.335091
67728,35.599745,-77.39527
67729,35.945946,-77.795657
67732,41.860632,-96.710502
67734,41.597055,-98.922662
67735,35.855878,-98.072592
67736,31.507719,-106.151735
67738,31.528421,-90.547876
67739,27.941001,-97.946756
67742,31.947692,-102.141173
67743,33.15754,-99.72814
67744,26.294316,-97.932398
67745,26.202211,-98.325709
67746,26.214624,-98.324732
67747,31.133963,-99.33492
67748,31.853239,-102.319776
67749,31.947692,-102.141173
67750,25.938743,-97.40716
67753,27.306673,-98.678397
67754,36.24704,-79.921015
67755,32.808532,-80.036772
67757,32.29709,-89.803179
67758,38.571575,-83.439896
67762,27.919475,-97.297883
67763,34.958195,-89.516282
67764,34.942026,-98.01031
67766,37.386985,-79.737622
67768,37.923798,-86.895397
67769,30.324409,-81.751994
67771,36.12249,-77.172804
67772,33.18329,-87.52345
67774,40.628998,-74.240955
67777,30.40704,-81.64297
67779,40.263219,-103.772703
67782,35.703042,-83.038972
67783,39.947346,-75.18747
67784,40.296969,-90.046376
67787,31.947692,-102.141173
67789,41.551107,-112.110531
67791,36.394326,-82.653733
67792,42.457645,-98.65265
67793,41.176649,-93.783912
67794,39.794995,-89.654744
67795,41.36435,-89.191779
67797,32.015063,-93.339846
67798,31.459026,-85.640268
67801,39.265169,-84.469077
67804,31.307074,-85.714268
67806,40.2349,-74.88198
67811,32.641193,-97.062663
67813,43.030809,-77.906869
67815,39.65399,-86.40057
67818,34.748583,-92.275151
67819,43.12639,-95.141966
67820,34.017676,-78.259533
67821,38.646079,-82.878391
67822,34.960761,-82.440299
67823,35.542527,-90.495062
67824,32.828866,-86.789292
67826,44.325975,-96.906624
67827,32.089761,-84.66732
67829,43.167536,-89.064095
67832,34.256853,-88.706981
67833,37.366699,-95.258548
67835,35.061,-78.8853
67837,30.027711,-97.68874
67839,26.106712,-98.24878
67841,35.476973,-79.182152
67842,43.901992,-75.984615
67844,39.015507,-75.566381
67846,45.943239,-87.071213
67847,30.197898,-97.988931
67848,32.998451,-86.701176
67849,36.108266,-91.098413
67850,37.946897,-79.286377
67854,34.64306,-84.69239
67855,38.036448,-84.28246
67859,27.297999,-98.131804
67860,34.285019,-88.235868
67861,41.004045,-93.280642
67862,39.094891,-84.518
67865,28.072506,-80.705158
67866,32.582637,-93.391935
67868,30.805477,-95.447978
67871,40.455943,-109.511201
67872,33.878009,-88.723258
67874,39.88554,-76.694587
67875,33.138323,-95.602396
67876,36.117717,-97.051397
67877,35.492504,-86.075868
67879,29.767021,-94.683086
67883,31.318341,-89.192014
67884,36.928961,-107.899583
67886,39.341087,-108.220461
67887,29.979548,-90.239428
67890,36.996168,-91.014077
67892,35.389123,-90.271472
67894,28.803045,-81.887627
67897,31.847455,-103.086583
67900,33.439664,-81.910551
67906,38.066053,-94.644089
67908,32.411634,-100.859975
67910,39.729757,-75.468235
67917,30.887212,-102.872017
67918,40.926013,-75.089537
67922,32.620805,-93.285883
67923,42.098137,-89.000536
67924,43.662207,-94.118865
67925,30.390983,-91.047133
67927,44.890127,-97.120933
67929,28.017272,-82.118072
67930,30.177331,-85.701149
67931,31.542027,-82.468723
67932,33.49522,-88.42752
67933,28.555186,-82.054707
67934,30.824828,-90.61454
67935,30.48442,-84.38498
67938,41.711786,-112.16593
67939,41.051372,-77.158845
67940,40.466953,-78.758889
67941,35.483398,-95.203273
67943,39.997137,-86.345912
67949,35.078108,-81.720899
67952,26.934859,-82.052782
67957,25.816131,-80.271509
67965,30.719212,-88.120463
67968,33.477681,-84.901762
67974,30.19914,-93.494638
67976,44.892049,-87.897093
67977,41.151434,-95.82229
67994,31.342863,-83.02891
67997,32.653748,-83.75956
68002,40.118547,-102.718962
68005,41.550374,-73.049808
68007,36.315253,-91.476234
68008,35.394955,-90.997091
68009,34.499408,-93.063923
68012,38.807104,-75.592359
68016,33.410738,-112.000145
68017,34.592472,-112.425601
68019,25.924324,-80.202941
68020,30.286662,-82.124452
68026,41.169305,-87.854215
68029,34.952974,-85.104034
68030,33.475142,-81.965412
68031,41.719147,-88.325841
68033,33.475142,-81.965412
68036,42.879474,-70.883754
68040,41.656193,-86.003048
68043,39.441401,-76.29285
68048,42.807962,-95.799819
68052,42.312427,-95.245323
68053,43.496636,-112.097323
68055,41.695159,-86.815358
68062,47.460471,-101.127176
68065,37.561864,-101.232749
68067,40.914017,-98.38335
68068,41.98748,-98.084652
68070,31.009972,-93.277567
68072,42.765562,-85.672655
68073,42.782896,-102.843134
68076,30.247364,-92.111954
68079,41.798174,-85.643183
68080,31.022699,-92.394643
68081,29.677567,-90.541416
68091,43.000582,-71.345225
68093,41.875215,-84.021583
68095,42.782237,-83.53497
68100,42.667408,-85.661766
68102,40.906348,-74.120871
68107,45.847161,-92.976112
68110,41.288896,-82.065483
68112,44.948228,-93.091634
68113,41.63919,-83.72876
68114,40.070699,-74.859117
68116,41.176649,-93.783912
68122,48.847423,-95.768355
68124,40.971544,-81.79547
68129,39.812976,-94.837154
68133,37.085489,-94.513431
68140,36.884943,-104.439775
68147,34.482083,-89.087431
68148,30.381841,-89.093152
68151,37.098557,-93.119782
68154,41.169305,-87.854215
68155,40.988682,-77.818128
68156,39.954249,-75.149603
68157,40.211352,-74.788012
68158,40.498826,-75.962595
68161,41.680977,-77.064759
68165,39.474798,-118.776317
68167,42.962977,-76.733816
68169,39.529915,-119.814254
68174,42.857326,-76.118423
68177,41.036533,-76.295582
68178,32.274131,-90.057638
68179,33.840687,-88.833305
68180,40.961469,-75.996285
68185,40.412026,-76.502291
68188,41.810688,-75.685474
68189,37.516537,-84.658958
68191,40.598898,-78.321466
68196,36.46327,-83.423947
68211,35.20452,-101.674063
68212,34.860768,-82.375503
68213,33.016307,-96.209815
68215,29.976348,-94.219368
68217,33.873534,-79.104795
68225,35.914952,-100.384849
68227,36.778081,-76.43934
68234,38.045678,-78.764521
68235,43.14077,-72.476158
68236,28.741149,-99.14187
68243,47.262312,-122.451785
68245,27.668936,-97.751578
68253,31.575622,-102.891887
68256,33.471344,-94.311494
68257,41.673036,-88.090596
68258,26.094567,-97.950434
68260,32.407759,-97.218166
68261,29.631196,-99.756839
68266,41.169305,-87.854215
68268,33.462085,-112.241935
68270,38.510272,-90.333401
68271,34.317155,-77.774997
68273,33.066771,-106.015177
68274,31.306266,-96.873975
68276,43.066791,-92.443427
68277,36.24495,-93.11158
68279,43.594775,-73.270067
68282,31.286922,-86.373051
68283,39.717161,-82.581942
68290,33.794779,-83.713184
68292,32.105875,-84.244394
68294,40.879127,-90.091533
68298,41.603895,-87.337176
68301,29.599269,-97.933801
68302,33.090258,-80.649625
68303,45.141924,-90.333414
68306,41.686077,-72.981074
68307,43.662207,-94.118865
68308,43.093382,-88.908754
68311,34.40234,-78.900826
68314,30.664899,-97.922733
68315,35.383761,-96.670518
68316,34.900101,-85.142424
68318,30.439716,-91.201833
68319,44.76668,-92.858976
68321,29.029118,-99.050688
68323,32.477652,-100.015106
68328,33.727519,-97.159081
68330,46.076669,-118.345511
68332,35.714079,-81.229281
68333,38.925103,-79.845627
68335,36.212756,-85.836148
68337,41.47086,-87.258445
68339,32.000747,-106.582911
68343,35.411715,-99.407521
68347,38.652543,-90.193564
68348,34.953138,-81.920992
68349,42.793923,-96.173792
68350,31.968927,-94.023764
68354,36.956544,-90.835019
68359,33.621966,-86.234862
68360,39.954249,-75.149603
68361,36.305484,-76.233335
68362,39.906069,-77.518624
68364,42.699362,-73.835843
68365,34.187874,-82.275593
68366,36.845313,-86.895991
68367,32.000747,-106.582911
68368,40.89511,-97.463444
68369,35.305811,-92.398947
68370,42.287189,-71.091373
68372,40.420591,-85.980864
68375,37.665534,-77.636581
68377,34.068808,-80.917507
68378,42.912315,-82.60372
68381,43.189467,-112.344165
68382,33.994817,-83.900559
68383,37.313194,-89.552417
68386,44.623136,-88.760001
68389,43.747538,-87.976276
68394,41.228638,-112.012644
68396,35.22197,-101.793205
68403,39.88554,-76.694587
68405,31.4608,-96.065677
68406,36.059314,-102.527553
68411,36.224803,-96.784231
68416,32.733541,-101.949256
68417,32.386036,-94.64485
68419,29.01385,-98.900439
68420,39.697818,-92.038931
68421,28.356355,-97.22311
68423,39.480237,-118.776917
68424,32.616729,-98.10964
68428,29.359702,-99.682418
68432,36.529685,-87.361586
68434,34.577153,-93.167439
68440,35.143896,-90.05604
68441,34.486104,-82.556306
68444,40.111254,-74.772316
68446,37.561864,-101.232749
68447,37.844025,-87.110375
68451,43.35193,-92.298516
68453,31.770775,-84.787732
68458,43.025442,-85.780077
68462,29.655521,-90.766212
68463,29.992113,-91.834749
68465,35.035255,-85.588447
68466,42.683441,-88.340199
68468,30.554758,-88.172004
68469,35.085497,-92.347774
68471,26.934047,-80.106488
68476,30.719212,-88.120463
68480,36.183109,-94.116195
68482,41.573356,-84.00366
68493,30.543488,-83.870179
68494,36.724414,-78.13088
68497,42.912856,-112.511098
68499,38.293572,-112.650784
68506,40.90564,-78.341537
68511,32.700586,-103.121757
68512,33.520391,-84.667651
68518,32.889081,-83.351727
68520,39.486241,-75.02702
68522,40.630415,-89.569652
68524,34.23615,-77.94376
68531,42.225924,-91.890971
68533,38.604734,-88.438447
68534,36.999616,-86.429693
68535,43.050247,-91.141089
68541,36.304286,-77.019007
68542,42.888184,-78.87321
68549,44.81988,-108.37568
68552,37.328172,-87.498856
68556,30.075685,-90.625191
68559,36.9209,-89.348546
68562,29.379537,-90.26345
68572,30.005388,-91.817807
68574,40.662552,-74.206737
68581,46.342841,-120.195239
68588,42.555322,-72.289483
68592,33.52175,-81.954427
68593,32.605838,-98.116496
68594,32.789284,-79.938628
68595,30.460695,-91.210835
68596,36.610212,-91.648067
68598,31.917945,-94.681381
68602,34.997427,-78.828582
68606,35.322523,-80.645901
68613,40.062591,-76.549589
68618,42.677258,-90.118497
68621,39.094219,-78.169921
68622,38.670507,-80.716591
68623,41.087028,-84.993517
68624,31.321042,-89.453999
68625,44.903969,-91.797801
68626,41.26156,-89.350832
68630,37.093937,-94.480202
68634,41.624502,-70.923551
68639,38.538715,-75.08749
68641,39.685013,-82.068255
68642,36.102297,-80.026934
68643,35.796562,-78.642318
68644,48.229269,-101.17444
68650,39.191488,-84.479127
68653,43.88226,-87.771374
68656,48.244714,-103.625461
68659,44.007107,-92.465837
68663,48.241185,-103.571267
68665,44.21154,-103.352234
68671,40.074627,-97.614235
68672,41.994325,-71.184001
68674,29.391067,-98.443388
68684,29.702017,-90.930509
68685,39.104812,-94.668978
68689,31.66433,-93.596276
68690,40.7837,-82.610013
68691,43.46027,-76.22168
68692,42.135075,-76.812642
68693,30.050384,-91.041397
68696,28.430788,-97.740963
68697,27.7702,-99.36656
68698,41.577933,-87.54037
68699,25.46277,-80.477279
68701,37.898769,-88.901798
68702,35.077538,-81.720836
68708,42.487393,-95.538809
68716,41.285976,-72.834283
68722,40.299961,-109.988856
68730,31.913599,-102.216171
68733,44.322705,-91.916101
68734,43.490864,-112.039129
68737,44.522526,-89.584834
68738,40.476969,-93.003074
68740,41.115509,-80.665014
68741,46.878911,-102.789888
68742,32.842161,-104.399906
68796,39.094891,-84.518
68797,41.537063,-87.790287
68798,31.431958,-110.938906
68799,31.054031,-89.46751
68801,30.154445,-98.39063
68803,30.908321,-95.788597
68806,29.941317,-90.165884
68808,34.056743,-78.887967
68813,42.380494,-83.168148
68814,34.901948,-110.16138
68815,26.302493,-97.92702
68821,42.870204,-78.577627
68822,38.425861,-95.804295
68823,40.747531,-82.507656
68824,43.794183,-95.31923
68825,41.285976,-72.834283
68826,41.828179,-71.321324
68828,34.469684,-89.006361
68831,41.298415,-83.941037
68835,34.908074,-77.56451
68836,35.533598,-100.938382
68839,34.469962,-96.053965
68840,32.471154,-100.406203
68841,31.477885,-81.447598
68843,29.30755,-98.399275
68844,30.890953,-102.783356
68845,37.014666,-77.391743
68847,31.066436,-98.183201
68848,31.458885,-97.172399
68849,32.407789,-87.019914
68850,31.566332,-91.425364
68855,41.889413,-71.421987
68856,35.452181,-95.727747
68860,28.890483,-99.097057
68861,43.631626,-91.505204
68864,40.455669,-84.169148
68865,39.288288,-84.433657
68868,41.401749,-99.63038
68869,41.564572,-72.329118
68873,41.347208,-75.283814
68874,33.462085,-112.241935
68875,34.323009,-77.872285
68882,40.193415,-110.061559
68883,44.678667,-103.853337
68885,28.450771,-99.238081
68886,30.936842,-90.508082
68888,41.234284,-89.927034
68890,34.74299,-92.391062
68891,35.88704,-84.371182
68892,42.780865,-86.080561
68893,42.380494,-83.168148
68894,44.427729,-85.388054
68895,42.793618,-86.088368
68897,36.38167,-84.24589
68899,42.284052,-71.626901
68900,36.209449,-76.441066
68901,39.357652,-84.263526
68902,36.306049,-91.39106
68903,44.236813,-105.784816
68907,32.37427,-96.86742
68908,39.999012,-83.118416
68912,34.739326,-97.263191
68913,43.637784,-95.564543
68915,42.448334,-96.564087
68916,32.460137,-99.861694
68919,42.283797,-71.347307
68921,32.564128,-83.878487
68923,31.191704,-101.467378
68924,42.92634,-88.840939
68925,45.969165,-92.9576
68926,43.102972,-88.757747
68927,36.959431,-81.931434
68928,35.004807,-106.044454
68929,35.95768,-80.00899
68930,32.273315,-81.080651
68933,40.913059,-80.216196
68935,43.59864,-116.548674
68936,34.54908,-77.911938
68937,41.708344,-78.694035
68938,30.574841,-94.655454
68941,42.60496,-71.324765
68946,40.455669,-84.169148
68947,32.220683,-110.980176
68949,38.242249,-78.113312
68950,43.818438,-92.068133
68951,44.552749,-90.598348
68952,44.025467,-116.917319
68956,43.043958,-89.350969
68957,47.842048,-103.642389
68959,39.940958,-83.532743
68960,41.257789,-111.968231
68964,36.757671,-98.3571
68969,40.762759,-111.889779
68971,31.853239,-102.319776
68972,39.730302,-75.474052
68974,28.88738,-97.894688
68976,40.642499,-116.935588
68977,39.145029,-78.189488
68978,43.59864,-116.548674
68979,34.90383,-110.158188
68981,39.786494,-93.071702
68982,43.25617,-83.781181
68985,40.550383,-93.954744
68987,28.443984,-99.250021
68988,30.758109,-98.228741
68989,36.862079,-76.246304
68990,35.035255,-85.588447
68991,47.129788,-118.373903
68992,39.193979,-96.070781
68993,39.275005,-97.128769
68994,39.813581,-97.056065
68995,41.285976,-72.834283
68996,43.490864,-112.039129
69002,44.523379,-89.542867
69004,43.848671,-73.421775
69005,40.039673,-81.393621
69006,40.071319,-80.738473
69007,36.158902,-86.782097
69008,35.788778,-77.671034
69009,33.034614,-97.452351
69010,31.366027,-94.703973
69013,36.386362,-86.113724
69014,43.034726,-87.924445
69015,35.931735,-86.52831
69016,37.304479,-84.284391
69017,32.460102,-93.662085
69021,47.394065,-103.247925
69027,34.662006,-82.262299
69028,40.455669,-84.169148
69029,38.652543,-90.193564
69030,34.068808,-80.917507
69031,31.397048,-103.492931
69032,37.324156,-119.566394
69036,34.375253,-80.073878
69037,35.734276,-79.431761
69038,34.507451,-79.856129
69041,35.619728,-77.592855
69042,33.467549,-79.41551
69043,44.956345,-89.624531
69045,31.2461,-81.50025
69046,43.190259,-86.243912
69047,42.03547,-88.28678
69048,39.930234,-86.154533
69049,36.22872,-91.732484
69051,38.268235,-88.481606
69052,34.479614,-113.337054
69053,33.585142,-112.242165
69055,30.518258,-83.907402
69057,38.379612,-88.359816
69058,41.491992,-88.080647
69059,33.331511,-87.039455
69061,33.708653,-78.926459
69064,36.281181,-77.279395
69067,40.455669,-84.169148
69069,34.880494,-82.364368
69073,40.87197,-72.529219
69076,39.530483,-76.182083
69077,28.338309,-98.027169
69078,32.262433,-101.436969
69079,48.31241,-102.39047
69084,32.268126,-96.698279
69085,41.124749,-101.719103
69088,40.534602,-74.301538
69091,39.851327,-85.996241
69095,39.5498,-119.843763
69096,41.233411,-80.449716
69097,32.791307,-96.743609
69098,30.046881,-98.929164
69099,30.247364,-92.111954
69100,43.609166,-111.795495
69101,33.591355,-86.495145
69102,41.169305,-87.854215
69103,27.758422,-97.424199
69104,32.730922,-96.276718
69106,34.754353,-82.286131
69109,41.351601,-77.093795
69110,40.595594,-77.581133
69112,40.911232,-89.056503
69115,43.618039,-96.950237
69117,41.508503,-83.754443
69119,32.81311,-105.202672
69122,33.390351,-90.923988
69123,34.78155,-96.617401
69124,27.4432,-80.39241
69125,40.695764,-73.966383
69127,30.601855,-90.510235
69128,44.200899,-84.795614
69132,31.191704,-101.467378
69133,32.711186,-103.112166
69134,35.578306,-94.821096
69135,39.828437,-84.760976
69137,31.555517,-97.120788
69139,29.084181,-97.294993
69141,37.721686,-100.012006
69142,39.108265,-108.500082
69143,37.738358,-88.532641
69144,30.759519,-98.675182
69145,39.039863,-81.591266
69146,40.988682,-77.818128
69149,35.075979,-90.042336
69150,39.65399,-86.40057
69151,39.108265,-108.500082
69152,35.234236,-91.671121
69153,34.173845,-86.843131
69155,33.727519,-97.159081
69156,35.079449,-90.057413
69159,41.993049,-77.138644
69162,41.66738,-85.821384
69163,43.515282,-96.711694
69164,31.793478,-106.322545
69165,36.264561,-99.881495
69167,39.478993,-81.492084
69168,32.375071,-98.895728
69169,39.79182,-88.460583
69170,39.258116,-81.555669
69171,41.596058,-90.570005
69172,44.792932,-91.494361
69173,43.141028,-90.710633
69174,45.791727,-89.320911
69175,44.772433,-93.924828
69176,47.715299,-104.157228
69177,41.553565,-93.926758
69178,26.613876,-81.803364
69182,41.666317,-73.546319
69183,39.638148,-83.567881
69185,36.640152,-76.896717
69186,41.635022,-84.999386
69187,34.009959,-90.426327
69188,45.692183,-110.491922
69189,30.893071,-102.878194
69190,30.72724,-86.21179
69193,39.641863,-80.851861
69194,39.601093,-75.943023
69200,40.148694,-89.365088
69201,46.351761,-94.243934
69203,41.395499,-87.883001
69207,30.324649,-81.395498
69211,45.828437,-92.970451
69213,28.452746,-98.552443
69214,39.301194,-102.25307
69215,40.434551,-74.512389
69217,26.44894,-80.14912
69218,42.243521,-77.198867
69220,27.583478,-82.58611
69221,39.618426,-90.047771
69222,33.025099,-96.448477
69223,31.403013,-85.749983
69226,27.947545,-97.656023
69228,32.700541,-96.276749
69229,35.623582,-88.97722
69230,35.450895,-81.007763
69233,39.292071,-82.945362
69234,46.779308,-92.108372
69235,46.72066,-92.104007
69236,44.511505,-88.330275
69237,42.904233,-88.210114
69238,43.780099,-88.44678
69239,34.731347,-87.702176
69245,34.733573,-76.841316
69250,39.4841,-106.041842
69252,36.006507,-78.456648
69255,33.515996,-90.179713
69257,28.22317,-99.614223
69258,29.001543,-98.430995
69259,35.159226,-84.876003
69261,41.978268,-87.959174
69263,33.49522,-88.42752
69288,41.825686,-90.563321
69289,46.769303,-92.118698
69290,43.780099,-88.44678
69291,38.956619,-111.86005
69294,43.941777,-90.672186
69295,35.499255,-80.848477
69296,46.721676,-92.461855
69297,44.444516,-88.057974
69299,36.140558,-81.159383
69300,35.1404,-76.842753
69301,35.547804,-76.632154
69305,39.887266,-89.5962
69306,26.04799,-81.68573
69307,40.127252,-87.628607
69308,40.691197,-75.209678
69309,40.894882,-91.556092
69310,30.514023,-99.790196
69311,38.524455,-118.621614
69312,40.389895,-77.030429
69313,46.887743,-124.105081
69314,40.012133,-90.440599
69315,39.422003,-87.661691
69318,40.346076,-74.113653
69319,35.388069,-78.008776
69321,29.516348,-97.459594
69322,29.80127,-94.384468
69324,45.307056,-67.676497
69330,44.528706,-87.993319
69333,42.67238,-85.66115
69336,36.18956,-86.2654
69338,41.204511,-85.705266
69339,39.968516,-80.761778
69341,29.399741,-98.485918
69342,41.549649,-87.478971
69344,29.088038,-97.289443
69345,40.341966,-79.708177
69346,41.435246,-76.018042
69353,40.423457,-80.105952
69354,39.761372,-86.49592
69359,30.546609,-97.906966
69362,43.450551,-86.339336
69365,36.576686,-86.514569
69369,40.63697,-80.230979
69374,30.233336,-97.475961
69377,40.992902,-81.663015
69379,41.64744,-93.512896
69380,40.769372,-96.44416
69383,40.681065,-112.266956
69384,43.631957,-88.441209
69390,41.169305,-87.854215
69392,40.276932,-85.557756
69393,38.876847,-82.298125
69394,40.038605,-84.204075
69395,39.750189,-86.027729
69396,35.978662,-85.006448
69397,35.6762,-88.7435
69398,35.031576,-85.264
69399,35.176374,-84.916668
69400,36.900458,-88.342885
69401,41.219553,-95.848325
69402,40.545805,-82.758847
69403,45.36385,-100.038008
69405,32.375071,-98.895728
69407,44.512294,-99.99143
69410,44.117542,-103.081237
69412,41.089216,-84.42215
69413,35.503378,-98.941558
69414,36.993515,-86.4421
69416,30.561399,-95.953253
69417,36.683367,-77.434492
69421,31.883036,-106.582045
69423,25.936805,-97.52327
69425,32.268717,-107.758752
69426,35.251321,-112.187642
69434,30.758109,-98.228741
69436,29.372752,-98.504274
69437,37.976606,-87.484269
69438,36.880383,-94.426881
69439,38.486039,-97.621644
69440,41.144297,-84.848442
69441,32.402625,-99.390463
69442,28.511308,-99.850255
69446,32.773355,-92.40536
69448,33.396651,-101.814269
69451,30.512018,-81.622734
69452,41.804327,-76.397708
69453,30.707872,-94.409824
69454,39.052284,-85.915329
69455,42.97713,-88.04492
69458,42.454393,-90.777289
69459,38.51677,-89.68669
69462,30.728562,-89.54791
69465,44.2932,-105.503732
69467,29.107838,-98.110687
69468,36.401608,-100.802766
69469,34.869223,-82.305356
69471,27.804771,-97.453883
69474,32.6284,-85.38077
69475,35.913121,-97.409774
69477,43.60713,-86.36661
69480,30.344977,-81.686288
69483,35.793539,-90.73287
69484,43.83906,-89.81727
69485,31.490549,-94.126522
69486,36.491534,-77.441505
69487,29.598854,-98.280638
69489,34.560356,-79.662434
69492,39.708726,-111.836139
69494,30.425452,-91.216288
69495,35.76952,-95.402415
69496,39.853556,-85.207053
69497,39.301202,-87.992905
69499,39.666732,-79.924246
69500,31.853239,-102.319776
69501,42.665947,-114.492903
69504,44.154438,-92.19915
69505,42.834788,-87.95242
69506,29.747991,-98.068094
69508,44.218556,-88.494941
69510,43.409176,-83.383899
69512,33.396651,-101.814269
69513,44.945987,-90.316626
69514,31.947692,-102.141173
69520,40.049788,-79.773373
69521,42.007704,-93.379819
69522,38.623016,-95.266929
69524,43.208879,-71.53308
69525,28.662669,-99.157933
69526,32.41101,-100.71115
69527,42.600426,-84.070849
69528,41.961756,-91.673537
69530,29.554624,-98.347309
69531,43.12041,-93.385985
69532,43.666363,-116.691029
69534,30.886296,-84.20694
69536,29.270733,-97.660343
69541,31.691742,-102.342054
69542,41.169305,-87.854215
69545,32.697406,-96.823184
69546,45.969165,-92.9576
69547,44.207247,-88.440111
69549,44.882646,-93.01883
69550,46.769303,-92.118698
69553,41.724373,-88.359904
69554,39.785227,-85.769307
69558,29.409046,-98.338574
69559,45.969165,-92.9576
69560,35.055164,-106.836787
69561,36.029988,-83.870487
69562,42.725499,-84.541177
69563,38.114839,-84.520567
69564,36.139273,-85.805629
69565,42.74149,-86.075
69566,41.36435,-89.191779
69567,45.969165,-92.9576
69568,42.776939,-88.936535
69570,46.825699,-95.837534
69572,39.649051,-77.754243
69573,39.585973,-77.847445
69574,44.903969,-91.797801
69575,39.413596,-77.406772
69576,36.24967,-95.267388
69580,36.15671,-98.927819
69581,40.723605,-73.917865
69584,34.000804,-95.087613
69585,37.304479,-84.284391
69586,46.491665,-84.358933
69587,41.169305,-87.854215
69588,32.83448,-96.59754
69589,33.727519,-97.159081
69590,35.443535,-97.937206
69591,28.967168,-80.85164
69592,39.930401,-86.15776
69594,41.79232,-87.870397
69595,41.313024,-81.946817
69596,41.991674,-87.861155
69597,39.872472,-79.708783
69598,41.356489,-81.85941
69599,40.431065,-79.793619
69601,36.502738,-101.777672
69605,45.831851,-93.41018
69607,37.071392,-94.110891
69608,26.26343,-98.354973
69611,41.103874,-97.310684
69612,27.94483,-99.33695
69614,39.948954,-77.135202
69615,41.313092,-96.345858
69616,39.414036,-84.12343
69618,37.586319,-99.6991
69621,29.462325,-98.304248
69625,40.060279,-76.277195
69626,36.72804,-91.852263
69627,26.307339,-98.64052
69629,44.832152,-73.079346
69630,32.037787,-93.695372
69632,34.729538,-86.585304
69633,27.666107,-97.278544
69634,39.282755,-84.959458
69636,41.673036,-88.090596
69637,41.988508,-88.684525
69643,27.779212,-97.983255
69646,33.666977,-114.214853
69647,41.85184,-88.289726
69648,40.039408,-81.394927
69649,40.988682,-77.818128
69651,34.836719,-97.598427
69652,41.247006,-75.927892
69653,40.246818,-103.7956
69654,36.618787,-95.655538
69657,43.596986,-72.970126
69658,41.584171,-95.941281
69659,34.926525,-81.028379
69662,31.746024,-98.93667
69663,32.826584,-96.319139
69664,31.056762,-98.179104
69666,29.934427,-97.817839
69668,38.221201,-91.181966
69669,31.947692,-102.141173
69670,42.348171,-73.412164
69671,38.482481,-100.906916
69672,31.270214,-103.373307
69673,33.05869,-97.24579
69674,35.691347,-84.862368
69676,31.711132,-84.172354
69679,25.807995,-80.279781
69680,41.756611,-87.915718
69681,32.371565,-86.265624
69682,36.50272,-84.20234
69683,41.813881,-87.753821
69684,44.891512,-89.508446
69686,39.953413,-90.20744
69687,40.868037,-86.878831
69688,40.243027,-88.63176
69693,41.186437,-111.971265
69694,41.64486,-111.914047
69695,40.52723,-111.89013
69696,41.946724,-111.400226
69698,36.405541,-95.41132
69699,30.268072,-97.742806
69701,42.32295,-85.17603
69702,36.024809,-83.404064
69703,27.7702,-99.36656
69707,30.146015,-91.93927
69708,31.594693,-94.663582
69709,35.736661,-101.964503
69710,41.144853,-102.976761
69711,30.372969,-81.552202
69712,45.299251,-118.040245
69713,31.629254,-96.157632
69715,40.040981,-98.066677
69719,40.525381,-78.354465
69720,26.664102,-80.716132
69721,39.763742,-93.036652
69723,42.136481,-88.481654
69727,39.914534,-93.961381
69729,40.409216,-92.567254
69731,37.847609,-94.345568
69732,38.68687,-93.251153
69735,39.785999,-93.553064
69740,37.822576,-79.395825
69741,33.462085,-112.241935
69742,36.396647,-97.878377
69743,39.823753,-97.63903
69744,37.039731,-100.904241
69745,34.941454,-104.700518
69746,41.553565,-93.926758
69747,41.122032,-85.18675
69748,41.080496,-85.138361
69750,29.686867,-98.122239
69751,36.81915,-93.922615
69755,32.808532,-80.036772
69758,40.77426,-111.871858
69764,38.992073,-112.323526
69765,39.667376,-87.430029
69766,40.217155,-80.875813
69770,40.77014,-73.916459
69772,29.566307,-98.335218
69780,41.673036,-88.090596
69782,41.324748,-74.574449
69783,40.486783,-76.207314
69784,45.566317,-94.138921
69785,32.847279,-95.511839
69786,35.941261,-89.874593
69787,37.306284,-89.964647
69788,38.75593,-90.420515
69789,40.670618,-73.667403
69790,36.0748,-89.52353
69791,36.331997,-102.073375
69792,37.188831,-93.47839
69797,45.517617,-94.081102
69798,39.838553,-99.888803
69799,35.023979,-110.696884
69800,42.096631,-102.898332
69801,39.133785,-119.746619
69803,41.837454,-87.669031
69804,43.047328,-88.225791
69809,45.218094,-93.595774
69811,34.584893,-97.96701
69813,41.395311,-75.646314
69814,31.836716,-100.996195
69815,46.76893,-105.344628
69816,33.490247,-101.844304
69817,43.422885,-93.482461
69818,35.604117,-95.961845
69819,40.553109,-85.503697
69820,42.516643,-94.658845
69821,30.415084,-94.887392
69823,39.41306,-87.41553
69824,30.546049,-91.958507
69825,45.537305,-94.210315
69826,36.468542,-86.662871
69827,44.876516,-91.929683
69830,40.486783,-76.207314
69832,30.379923,-89.352626
69833,36.176381,-94.571981
69835,38.312273,-102.719951
69837,37.722352,-88.930418
69840,40.669931,-99.04632
69842,36.405541,-95.41132
69845,40.514229,-107.547266
69847,42.784843,-91.101263
69848,45.791727,-89.320911
69850,41.584997,-93.624273
69851,43.841994,-101.232147
69852,47.025658,-91.667105
69854,43.38296,-89.294273
69855,43.124027,-92.736504
69856,33.928334,-81.031922
69858,29.216336,-98.229369
69859,39.14089,-75.49371
69861,37.64175,-88.9783
69862,38.257829,-94.629746
69863,41.098013,-114.958868
69865,37.485487,-76.909735
69870,41.657426,-83.509277
69871,30.222702,-97.677267
69873,44.598164,-90.182227
69874,30.37374,-81.552427
69875,42.004894,-97.426542
69876,41.47324,-95.333756
69877,39.574191,-91.400736
69878,41.960902,-87.959203
69879,39.798617,-86.04525
69880,41.874342,-87.911632
69881,45.115702,-93.799773
69882,35.265869,-87.322632
69884,34.941477,-104.700557
69885,40.689731,-81.16222
69886,40.722909,-96.178157
69887,32.126872,-81.169988
69888,42.55079,-114.461281
69892,42.856711,-106.324926
69893,36.333688,-99.542744
69894,48.138847,-104.032936
69895,41.36435,-89.191779
69900,39.764457,-84.164571
69901,44.151932,-87.56834
69902,46.226754,-119.103637
69903,34.81128,-102.405795
69904,37.586319,-99.6991
69905,44.204617,-88.440115
69906,37.689122,-95.479507
69907,32.594989,-96.685072
69908,40.879127,-90.091533
69912,33.410738,-112.000145
69913,36.756587,-90.407819
69914,34.087596,-80.959948
69915,38.047385,-94.357871
69921,38.32811,-89.192331
69922,41.529684,-112.018953
69923,29.454248,-98.528265
69926,33.727519,-97.159081
69927,39.649051,-77.754243
69928,36.079304,-95.815222
69929,37.840887,-94.707332
69930,32.998451,-86.701176
69931,34.689146,-86.717946
69932,29.360131,-98.632058
69933,33.875367,-112.148919
69934,46.547078,-92.119466
69935,43.074621,-88.058043
69936,26.77346,-81.07567
69937,43.490864,-112.039129
69938,34.257194,-110.018078
69939,41.041821,-111.953366
69940,37.306284,-89.964647
69941,32.755432,-97.709982
69943,34.448992,-97.777236
69944,41.09966,-80.89772
69945,39.930401,-86.15776
69946,43.499469,-93.353751
69947,36.03251,-84.195651
69948,30.67765,-96.388655
69949,30.041747,-94.741465
69952,35.291032,-99.63999
69954,40.889182,-74.721507
69955,35.456212,-80.593403
69957,32.855143,-83.507627
69958,40.827496,-83.281379
69959,35.38346,-96.924896
69960,47.105492,-104.713104
69962,32.728165,-96.650175
69963,36.362319,-97.067765
69964,35.809911,-80.861076
69969,41.177735,-73.172446
69974,32.825703,-96.918229
69975,38.012951,-97.922092
69976,43.589327,-89.79392
69977,43.420521,-89.773604
69978,33.625087,-95.463889
69979,46.247786,-119.855722
69980,39.982829,-76.178308
69981,33.590022,-99.720158
69982,40.329284,-76.51552
69983,40.606826,-81.531839
69986,32.734505,-101.96166
69987,45.664032,-108.789488
69988,43.88226,-87.771374
69989,33.816203,-88.531025
69990,39.249216,-114.894478
69991,38.687767,-119.548565
69992,45.565997,-94.205977
69993,30.165778,-96.838524
69995,32.220683,-110.980176
69996,30.041747,-94.741465
69998,42.608033,-96.298401
69999,41.351601,-77.093795
70001,39.601887,-82.945099
70002,31.805961,-89.693816
70003,40.311129,-79.892697
70004,40.674994,-82.589652
70007,28.42995,-80.81986
70008,29.691849,-97.183369
70009,44.754142,-92.79064
70010,42.741845,-93.202494
70011,44.022965,-92.463093
70012,39.719235,-104.734902
70014,38.739328,-92.406516
70016,40.703374,-96.391129
70017,39.618706,-79.946058
70019,40.614551,-74.134475
70022,40.667918,-77.603758
70024,44.347936,-87.8312
70025,40.611316,-80.98362
70026,41.36435,-89.191779
70027,42.004967,-88.295335
70028,35.579252,-81.213915
70029,30.077314,-94.134547
70030,41.513119,-87.424969
70031,40.83811,-83.245559
70032,42.454188,-92.309171
70033,45.035968,-92.793425
70034,41.835357,-87.685668
70035,40.383766,-86.882576
70036,41.870993,-88.256508
70037,41.201154,-86.889622
70038,43.038137,-86.220141
70039,28.935308,-98.559217
70040,30.959665,-95.92269
70041,37.492857,-77.001732
70042,42.556965,-93.195527
70043,46.717658,-92.460472
70044,37.722352,-88.930418
70049,41.981184,-91.667466
70050,45.57004,-88.78032
70053,43.037873,-89.455216
70054,42.898985,-87.918404
70058,44.057975,-92.524076
70059,46.5992,-90.653834
70062,43.013776,-88.200548
70063,33.914608,-84.498207
70066,43.015759,-89.426295
70067,44.295036,-90.85203
70068,33.843483,-96.816985
70069,37.306284,-89.964647
70074,40.346089,-94.87461
70075,45.531459,-92.0438
70076,37.627532,-91.427883
70078,44.792571,-91.548867
70079,34.390429,-103.084793
70080,41.123917,-86.17017
70081,40.375846,-80.612948
70082,45.920695,-89.69544
70083,43.121499,-89.695033
70084,42.358449,-87.829636
70085,41.978268,-87.959174
70087,40.718559,-74.154491
70088,45.895644,-90.429062
70090,35.977411,-87.762754
70091,39.098477,-88.577784
70093,35.069734,-88.542897
70095,33.338234,-96.56662
70096,34.19473,-91.92154
70097,43.754417,-87.764298
70098,46.602464,-90.861054
70099,33.693259,-97.162899
70100,32.270276,-86.356543
70104,40.276266,-103.581687
70105,28.663141,-82.146438
70106,31.265704,-97.270014
70107,41.238307,-81.798461
70108,41.661686,-87.73874
70111,43.66789,-90.46207
70117,39.917936,-77.797527
70118,35.961237,-86.500337
70122,34.524587,-86.894073
70124,38.086227,-102.618874
70125,41.378333,-82.225022
70126,41.238307,-81.798461
70127,40.398541,-79.422119
70128,35.623582,-88.97722
70130,32.701165,-82.636801
70131,41.860274,-88.010466
70135,37.75908,-92.54403
70136,32.876445,-97.38005
70137,39.88554,-76.694587
70140,39.024537,-85.651052
70142,41.158394,-77.347613
70143,45.263607,-94.124731
70144,35.881841,-90.16494
70145,43.488985,-112.04051
70146,47.673965,-117.239486
70150,41.018529,-95.800745
70151,32.33095,-96.612109
70154,38.980056,-104.864653
70155,42.384361,-83.276048
70156,37.679022,-113.062004
70157,42.498913,-92.344706
70158,34.038184,-81.112091
70159,37.156018,-77.275384
70160,44.105072,-104.63298
70161,41.853043,-72.645293
70162,36.75209,-76.521475
70163,45.355083,-94.778134
70164,40.988682,-77.818128
70168,45.564508,-94.289637
70169,30.60896,-96.574056
70170,37.720265,-85.816665
70171,43.658217,-88.68417
70172,37.996806,-88.934276
70174,42.901586,-82.945194
70176,43.391056,-116.003564
70177,37.353214,-108.552854
70179,36.265347,-94.150396
70180,41.978268,-87.959174
70181,35.437421,-79.217152
70182,43.63384,-94.091401
70183,34.026083,-100.304313
70185,31.85546,-103.09274
70187,31.399579,-103.521691
70188,36.405541,-95.41132
70189,42.762825,-71.441959
70190,34.71929,-106.76085
70191,36.405541,-95.41132
70192,43.291978,-71.602722
70207,32.669416,-97.236343
70208,39.527258,-119.731534
70209,37.376337,-94.300331
70210,41.330658,-89.141014
70214,33.776808,-84.605644
70216,40.453317,-105.452045
70217,42.665947,-114.492903
70218,37.41731,-87.472502
70219,32.727786,-96.650166
70220,35.759493,-81.034395
70221,41.890528,-91.656434
70222,40.617674,-87.324018
70223,43.25617,-83.781181
70224,39.156777,-108.300451
70225,40.000802,-74.985797
70227,30.183611,-82.701216
70229,35.967883,-114.913072
70232,38.39683,-80.03388
70233,46.86144,-101.417724
70236,35.590056,-105.215703
70238,30.615628,-100.746179
70239,38.852989,-104.832627
70240,37.107882,-113.592713
70241,38.90274,-119.779133
70242,31.571648,-97.116406
70243,37.03775,-86.344682
70245,33.941943,-98.522661
70246,25.853153,-80.402805
70247,32.703811,-96.579587
70249,36.739852,-86.218772
70251,31.277437,-89.271491
70254,38.935036,-97.260528
70255,44.253421,-85.328208
70256,27.904162,-81.845442
70257,26.184062,-98.069286
70258,43.993074,-95.750574
70262,34.069233,-96.763037
70263,32.561512,-81.716532
70265,42.796951,-103.546539
70266,31.853239,-102.319776
70267,42.695063,-73.813267
70268,41.336894,-92.180941
70269,42.527397,-96.483172
70270,37.94419,-101.317169
70271,42.35159,-97.724
70273,38.210584,-85.672081
70274,43.105833,-93.61466
70276,37.149164,-77.358042
70277,45.3959,-92.40986
70278,44.286772,-88.32509
70279,44.54363,-93.524651
70280,39.293221,-102.878118
70281,41.864133,-83.406027
70282,43.056534,-89.277405
70283,42.334982,-88.135661
70284,45.005897,-69.024472
70285,45.183339,-69.224502
70286,44.959545,-69.266731
70287,40.275031,-86.126916
70290,41.695821,-69.992679
70291,41.236621,-105.435717
70292,36.817567,-114.050174
70293,45.408047,-91.640116
70295,41.634866,-85.04819
70296,40.500743,-111.9388
70297,42.144682,-71.994596
70298,32.690799,-80.851949
70299,30.372969,-81.552202
70300,33.426624,-112.031293
70301,40.933795,-115.665882
70302,44.325896,-92.649828
70303,42.498913,-92.344706
70304,44.533659,-69.635948
70305,35.532291,-97.957073
70306,41.7025,-92.996519
70307,45.969165,-92.9576
70308,44.617509,-88.220461
70309,32.120014,-103.189523
70310,42.265014,-71.080264
70311,42.615387,-73.123289
70313,33.799005,-112.076876
70314,40.825075,-96.706952
70318,33.130843,-95.629933
70319,41.046751,-81.728814
70320,35.035255,-85.588447
70321,33.374409,-116.024816
70322,45.43258,-69.591294
70323,40.59192,-89.470893
70324,41.666812,-85.887588
70325,42.267858,-94.184305
70326,31.57562,-102.891892
70328,41.88875,-87.883409
70329,44.361769,-100.339506
70331,37.792308,-79.99573
70332,43.00298,-72.176841
70333,41.617651,-93.464685
70334,42.681539,-88.061579
70335,42.757782,-71.063899
70336,40.458699,-88.864715
70337,30.615628,-100.746179
70338,40.284432,-84.153266
70339,42.814179,-72.022129
70340,41.85901,-88.204753
70341,36.33578,-79.69234
70342,41.886198,-87.918837
70343,48.256829,-122.257066
70344,45.534783,-93.583293
70345,42.780443,-86.028163
70346,42.449243,-93.815833
70349,35.957948,-83.593727
70350,25.931681,-97.475011
70351,42.007507,-111.809696
70352,45.493,-93.236867
70353,35.050806,-97.936886
70357,40.08153,-82.987675
70358,40.561206,-74.103079
70359,36.954097,-113.79746
70360,43.843468,-116.76493
70361,42.917313,-111.002309
70366,45.745734,-87.075067
70371,33.186857,-99.724496
70373,44.403055,-88.734216
70374,39.894215,-89.006834
70375,33.129946,-97.49238
70376,32.821171,-96.877048
70377,36.136739,-83.280287
70379,34.208172,-84.798876
70380,35.320004,-80.751717
70383,30.652064,-87.760043
70385,34.105621,-96.981899
70388,31.57562,-102.891892
70389,31.979668,-102.228088
70390,31.852448,-103.068233
70391,37.64175,-88.9783
70403,47.711008,-116.94803
70404,38.852989,-104.832627
70405,34.394774,-103.044598
70406,41.865487,-89.073185
70407,40.797258,-73.503437
70408,40.797258,-73.503437
70409,42.793618,-86.088368
70410,34.736525,-83.396111
70411,34.079342,-82.748901
70413,40.711104,-94.223612
70415,39.485576,-75.043167
70416,36.331997,-102.073375
70417,42.569025,-92.337527
70419,27.7702,-99.36656
70420,34.524587,-86.894073
70421,36.41035,-90.582596
70422,33.462085,-112.241935
70423,42.136481,-88.481654
70424,41.847251,-87.642017
70425,41.007719,-80.051144
70426,30.690105,-84.380817
70427,32.025879,-81.101201
70428,31.665695,-81.840656
70429,31.154964,-83.340112
70430,34.818518,-83.552504
70431,37.550109,-77.398787
70432,41.537063,-87.790287
70433,41.622674,-88.185104
70434,38.299929,-88.891141
70436,39.841497,-96.577748
70437,38.253246,-85.758804
70438,30.282292,-91.909326
70439,35.844179,-79.159567
70440,42.266909,-84.949928
70441,38.773289,-93.685622
70442,39.121699,-119.760342
70443,34.196104,-90.576207
70445,45.935981,-98.070516
70446,32.289322,-104.101006
70447,41.517178,-74.168007
70448,40.770461,-73.651459
70450,43.366681,-73.714877
70452,33.037349,-115.617978
70453,33.727519,-97.159081
70454,41.716581,-76.473694
70455,40.394619,-77.878832
70456,43.403734,-71.008714
70457,40.013695,-75.146958
70458,34.628612,-82.391213
70459,43.60579,-96.711417
70460,31.374835,-100.335348
70461,29.625646,-98.239847
70463,30.137572,-96.272933
70464,39.077957,-108.494868
70466,30.932671,-95.374184
70467,41.155975,-95.919191
70468,30.286175,-97.245208
70469,29.372944,-98.467803
70472,33.901067,-98.484725
70474,32.791307,-96.743609
70476,45.877802,-93.29709
70478,38.956619,-111.86005
70479,37.571978,-78.896776
70480,47.290461,-118.034383
70481,35.831538,-78.772639
70482,42.845837,-106.329313
70483,40.690678,-73.403054
70484,32.929528,-103.346358
70485,32.838031,-103.127813
70488,32.966734,-102.818694
70491,39.741052,-93.998106
70492,44.956345,-89.624531
70493,34.780305,-91.581164
70494,39.879485,-104.889763
70495,33.278694,-91.251578
70496,43.88226,-87.771374
70498,44.959949,-90.937686
70500,33.594039,-101.855269
70501,32.819697,-96.987691
70502,31.884388,-102.457029
70503,31.191704,-101.467378
70505,33.616071,-101.818514
70507,31.854895,-99.425672
70508,41.970406,-87.870749
70509,31.74247,-98.945334
70510,29.351644,-100.90728
70516,32.41164,-100.859941
70527,38.483056,-85.762891
70530,25.952466,-97.4151
70538,38.204624,-85.329067
70539,39.390296,-87.693786
70540,27.897707,-81.599976
70541,43.430277,-94.992468
70543,35.432585,-101.179238
70544,32.90689,-101.87094
70545,32.962271,-102.819076
70546,34.938076,-100.888207
70547,33.193737,-97.747815
70548,34.222928,-102.718301
70549,32.966734,-102.818694
70550,30.165778,-96.838524
70551,43.016329,-88.03658
70552,46.743357,-92.224184
70553,43.631223,-95.590747
70554,30.864785,-94.697565
70555,35.870621,-88.021541
70556,38.265255,-82.582468
70557,36.405541,-95.41132
70558,42.691593,-88.503791
70559,45.75167,-93.646614
70560,32.690947,-113.971191
70561,31.813908,-102.406147
70562,35.733499,-86.874661
70563,35.699993,-114.47483
70564,41.504375,-82.050145
70565,43.40164,-94.833035
70567,40.89806,-74.70266
70571,41.377983,-82.224994
70572,42.835074,-82.59579
70573,43.20401,-89.593
70574,39.895772,-89.602584
70575,40.479232,-80.067531
70576,44.903969,-91.797801
70577,41.524997,-88.093239
70578,44.099702,-103.172033
70579,30.838339,-97.598318
70580,46.897507,-114.013735
70581,33.53693,-86.8967
70582,41.553565,-93.926758
70583,37.110221,-92.08394
70584,31.967828,-102.093891
70585,27.758422,-97.424199
70586,40.974527,-117.733671
70587,39.159327,-111.782556
70588,40.163105,-79.756448
70590,29.756481,-81.312773
70591,39.943099,-81.533209
70592,34.228019,-80.849603
70593,34.496437,-84.952374
70595,40.59192,-89.470893
70596,34.160973,-83.633492
70597,38.01262,-84.458294
70598,35.020528,-89.898353
70599,33.42058,-82.619497
70600,43.129611,-93.201159
70601,39.065487,-96.61409
70603,33.465153,-94.469412
70604,43.270216,-93.633568
70605,41.817168,-87.743317
70606,37.042185,-86.209839
70607,38.742752,-89.909627
70608,44.987846,-93.256241
70609,33.206702,-84.05861
70611,41.452389,-85.282399
70612,47.012481,-120.60033
70615,41.169305,-87.854215
70617,39.3247,-94.70392
70618,39.884008,-83.024287
70619,44.800622,-93.629356
70620,33.897179,-93.305145
70621,34.390522,-84.894227
70622,40.265159,-75.752544
70623,41.673036,-88.090596
70624,41.554738,-90.522134
70625,45.422636,-69.033973
70626,39.108265,-108.500082
70628,46.947203,-120.209225
70629,44.973102,-93.696367
70630,40.911603,-80.519678
70632,41.527897,-87.635781
70634,38.482481,-100.906916
70635,41.04111,-82.716142
70637,26.180999,-98.047305
70638,38.997632,-95.705606
70640,35.841242,-98.412597
70641,37.549723,-77.398462
70642,32.311259,-90.900764
70643,32.536738,-85.083744
70644,44.916233,-92.979498
70645,29.566307,-98.335218
70646,45.348616,-86.952193
70647,31.532047,-103.125266
70648,43.200194,-71.125503
70649,45.511448,-92.979433
70650,41.113817,-112.025735
70651,30.710793,-97.647347
70652,37.64175,-88.9783
70653,40.173929,-88.324428
70654,32.227519,-109.048391
70655,39.077957,-108.494868
70656,42.330246,-83.742859
70657,38.777805,-77.185524
70658,39.990929,-84.001276
70660,41.553565,-93.926758
70661,44.19925,-92.611697
70662,42.026363,-80.122843
70663,41.15768,-87.875191
70665,30.065579,-97.829176
70666,41.813881,-87.753821
70667,45.233014,-118.44707
70668,41.45097,-96.366092
70669,45.233014,-118.44707
70670,40.77426,-111.871858
70673,33.407865,-111.800536
70674,42.552455,-71.571853
70676,33.410738,-112.000145
70677,33.543657,-112.191943
70679,33.410738,-112.000145
70680,33.875367,-112.148919
70681,33.415178,-111.82932
70682,38.578881,-90.115466
70686,44.990827,-92.62286
70687,41.351601,-77.093795
70691,29.383686,-98.690971
70692,43.578524,-72.96681
70693,34.797864,-84.962264
70695,39.168279,-91.879807
70696,31.947692,-102.141173
70698,34.113069,-109.014007
70699,36.310979,-88.292916
70700,32.561663,-86.190795
70704,37.075253,-94.385723
70705,39.818048,-88.986635
70706,37.075253,-94.385723
70707,29.943666,-97.037096
70708,42.651483,-84.153572
70709,39.507799,-91.531815
70710,33.779811,-90.721636
70711,27.559523,-99.504107
70714,36.93443,-111.487203
70717,39.999012,-83.118416
70718,34.785457,-91.46407
70719,38.84632,-91.2801
70720,45.582526,-94.069972
70722,43.09209,-76.319366
70723,42.075855,-77.14881
70724,33.383849,-80.518539
70725,35.01458,-85.272696
70726,39.812467,-97.620999
70727,44.00292,-96.30755
70728,43.247079,-97.419258
70729,44.369701,-100.375312
70730,42.901043,-97.397719
70731,41.935414,-88.940122
70732,40.769873,-111.871556
70733,39.726329,-92.46611
70735,39.037369,-90.144671
70736,42.511408,-92.334785
70737,41.677133,-93.245168
70738,37.075253,-94.385723
70739,39.763742,-93.036652
70740,39.068073,-88.668483
70741,40.583981,-84.960606
70742,42.925579,-92.810002
70743,46.079525,-94.492203
70744,41.36435,-89.191779
70745,43.938963,-94.929977
70746,41.737067,-88.251196
70747,35.079554,-96.652381
70748,42.162207,-92.037776
70749,37.561864,-101.232749
70750,34.891467,-94.606851
70751,42.834788,-87.95242
70752,35.271903,-93.128359
70753,36.405541,-95.41132
70754,37.556069,-96.984157
70755,37.169897,-101.348109
70756,39.116318,-95.074266
70757,34.953161,-95.725948
70759,45.969165,-92.9576
70760,40.907529,-97.092242
70761,42.568728,-90.612023
70763,30.197898,-97.988931
70764,40.19969,-89.696347
70765,31.087621,-97.385384
70767,42.155685,-89.681726
70768,40.619286,-89.625911
70769,36.700154,-95.629655
70770,41.298243,-91.678401
70771,44.319401,-94.621678
70772,38.924946,-89.269019
70773,39.841311,-96.072734
70774,42.474546,-95.183311
70775,38.78241,-95.590415
70776,39.784499,-98.795788
70778,39.960915,-84.189603
70779,42.356081,-94.054433
70780,45.471711,-94.246237
70782,40.669931,-99.04632
70783,32.148987,-81.163568
70784,34.947248,-78.929299
70785,34.087596,-80.959948
70786,27.804771,-97.453883
70787,32.185329,-81.456341
70788,41.38192,-81.513285
70789,44.564569,-88.049912
70790,38.819605,-91.103459
70791,35.817575,-88.18173
70792,40.257297,-99.638251
70793,38.854283,-110.909843
70794,40.939497,-83.402691
70796,33.000104,-97.293164
70797,32.983325,-96.931479
70798,45.365081,-88.957906
70831,39.55231,-119.57578
70832,39.527258,-119.731534
70833,39.498203,-119.789082
70845,39.55231,-119.57578
70855,39.133785,-119.746619
70858,32.270276,-86.356543
70859,39.121699,-119.760342
70860,40.830888,-115.765151
70864,39.532321,-119.815005
70870,41.835175,-103.590278
70871,40.304209,-83.116696
70873,30.185726,-82.700936
70874,33.088526,-95.184057
70875,29.380209,-98.477708
70876,43.086692,-72.427561
70877,42.430551,-87.937929
70878,42.995328,-112.414115
70879,35.055164,-106.836787
70880,40.439733,-75.94569
70881,40.428087,-78.417592
70882,40.404562,-77.010079
70883,40.354067,-76.373879
70884,39.532594,-77.311385
70885,44.264532,-88.311352
70887,31.267797,-81.537884
70888,34.55038,-99.333926
70889,41.937139,-80.519395
70890,33.799788,-98.197009
70891,38.22761,-81.544613
70892,37.977897,-77.492528
70893,38.294792,-77.454337
70894,38.627601,-76.909201
70895,37.977897,-77.492528
70896,38.991877,-78.178162
70897,38.613822,-78.786471
70898,38.446986,-78.869199
70899,38.060202,-78.89589
70900,37.239673,-80.225093
70901,38.633845,-78.580132
70902,38.838736,-77.261712
70903,37.27314,-79.930363
70904,38.802035,-77.163592
70905,38.84548,-77.302779
70906,39.033519,-76.909275
70907,39.178522,-76.789013
70908,39.019939,-76.953786
70909,38.965266,-76.848757
70910,39.284342,-76.54068
70912,39.238235,-76.608556
70913,39.101157,-77.179259
70914,39.019939,-76.953786
70915,39.284342,-76.54068
70916,33.451478,-112.082647
70917,38.333008,-75.569455
70918,39.240933,-76.592963
70919,39.707183,-75.549746
70920,39.162963,-76.622738
70921,38.781868,-76.893272
70922,38.918186,-76.941318
70923,39.134203,-77.223836
70924,41.338527,-74.836838
70925,39.913041,-75.266456
70926,40.427957,-79.926486
70927,38.787702,-77.186214
70928,39.310986,-76.617301
70929,39.537387,-77.910106
70930,39.251321,-78.104692
70931,39.624918,-77.727614
70933,39.192818,-78.162332
70934,39.403052,-77.386609
70935,39.385845,-77.298161
70937,38.713842,-77.795556
70938,38.958666,-77.391018
70939,38.78118,-77.4642
70940,38.751761,-77.472366
70941,37.507919,-77.259797
70942,38.876418,-77.432215
70943,38.470377,-77.993202
70944,38.477883,-77.99984
70945,38.531437,-77.728625
70946,38.228366,-78.372689
70947,38.303709,-77.459625
70948,35.024394,-76.900273
70949,35.683025,-78.900351
70950,35.714079,-81.229281
70951,39.114693,-77.561766
70952,35.901959,-78.631738
70953,38.326348,-77.466555
70954,35.703302,-78.605063
70955,38.326275,-77.467043
70956,34.303599,-77.779742
70957,38.326348,-77.466555
70958,38.289811,-77.468853
70959,34.235434,-77.948018
70960,38.156327,-79.075511
70961,35.617308,-78.567217
70962,37.959018,-76.763057
70963,35.520425,-78.292324
70964,38.184553,-77.047786
70965,35.90565,-78.556978
70966,37.373607,-77.502064
70967,34.99654,-78.827507
70968,37.977897,-77.492528
70969,35.024384,-76.900255
70970,37.537821,-77.884335
70971,38.711605,-78.681505
70973,35.954137,-80.002365
70974,37.518676,-77.36833
70975,37.537438,-77.428287
70976,35.714079,-81.229281
70977,35.767919,-78.574088
70978,35.752769,-78.649058
70979,35.901959,-78.631738
70980,38.045678,-78.764521
70982,38.803699,-77.121014
70983,37.595801,-77.348549
70984,35.935341,-77.724382
70985,35.714079,-81.229281
70986,36.055378,-78.487817
70987,26.309228,-80.129137
70988,36.984598,-76.302479
70989,36.833851,-76.137515
70990,36.984598,-76.302479
70991,36.970897,-76.417748
70992,37.493274,-77.004952
70993,37.977897,-77.492528
70994,37.537438,-77.428287
70995,37.253101,-77.396197
70996,35.532861,-78.799665
70997,37.478375,-77.69712
70998,36.999436,-76.316379
71001,37.537438,-77.428287
71002,38.032481,-78.479419
71003,37.537438,-77.428287
71004,37.860382,-77.464455
71005,37.537438,-77.428287
71006,37.537438,-77.428287
71007,32.706884,-85.853341
71009,35.96833,-83.2248
71010,38.265671,-85.806338
71011,41.363846,-73.48932
71012,41.058708,-73.449568
71013,41.813599,-70.553923
71014,39.178522,-76.789013
71018,42.162207,-92.037776
71019,44.46164,-93.160606
71020,30.101378,-94.103435
71021,41.51281,-87.936839
71022,29.652872,-97.590961
71023,31.852448,-103.068233
71024,40.912401,-90.648268
71025,43.943927,-88.072881
71027,42.237939,-93.571014
71029,41.805592,-88.098462
71030,32.573052,-111.322735
71032,39.474876,-118.781557
71033,39.121699,-119.760342
71034,37.676967,-113.061744
71036,38.379029,-107.819647
71037,41.158394,-77.347613
71039,41.186219,-80.970153
71042,39.160465,-119.767014
71046,39.172178,-84.299453
71047,34.344829,-112.119283
71050,42.02746,-85.635828
71051,39.88554,-76.694587
71053,38.47852,-89.04662
71055,36.05583,-86.42996
71056,32.514312,-87.838938
71057,44.633512,-121.130613
71058,44.54363,-93.524651
71059,27.218528,-81.87104
71060,36.493595,-80.741702
71061,33.390491,-81.400097
71062,38.956619,-111.86005
71063,35.055164,-106.836787
71064,41.169305,-87.854215
71065,40.302156,-109.988887
71066,32.853127,-83.742404
71067,34.542601,-81.968757
71071,45.122411,-92.657516
71072,33.127832,-83.186219
71073,37.64175,-88.9783
71074,42.093465,-88.257788
71075,30.791416,-97.62146
71076,42.031767,-91.609318
71077,46.877091,-96.100145
71079,31.84116,-106.329904
71080,42.899992,-78.875501
71083,33.439221,-82.136215
71084,36.102732,-95.872517
71085,40.074393,-84.632733
71086,41.862132,-88.194855
71087,47.132546,-119.273981
71088,42.238119,-91.184162
71090,35.337551,-101.381802
71091,39.126733,-91.867534
71094,42.494834,-92.347745
71095,31.144351,-85.096091
71096,41.506294,-87.577523
71097,41.609031,-88.163184
71098,41.76514,-76.430646
71099,41.391814,-87.774967
71101,40.124365,-87.600266
71102,32.737769,-97.225211
71103,41.124375,-100.763943
71104,35.400933,-78.848535
71105,30.586052,-97.299715
71106,37.800056,-97.331099
71107,42.449123,-94.235096
71108,32.000747,-106.582911
71109,45.691214,-90.398536
71110,43.086726,-88.761492
71111,34.32305,-85.75524
71112,41.291003,-72.580099
71113,44.626361,-121.130866
71114,38.313684,-77.478342
71115,38.676764,-87.529315
71116,32.761473,-94.354948
71117,33.475142,-81.965412
71118,42.413054,-89.009486
71119,32.117203,-81.253151
71120,33.091436,-82.016811
71121,32.269065,-107.758769
71123,32.573052,-111.322735
71124,30.373067,-81.55223
71126,34.171465,-80.971404
71127,29.599269,-97.933801
71129,35.320004,-80.751717
71131,34.861457,-82.377136
71132,32.664331,-96.126508
71133,28.741149,-99.14187
71134,35.171808,-103.726575
71136,34.50399,-77.394453
71138,48.344907,-122.335843
71139,41.64591,-88.419625
71140,44.841286,-92.629656
71141,38.726902,-87.673399
71142,42.219317,-89.108748
71143,41.906681,-95.073358
71144,41.490809,-87.471021
71145,39.493251,-85.689412
71146,40.81276,-96.345837
71147,35.985487,-97.033723
71148,42.895023,-93.202247
71149,42.726348,-87.787441
71150,42.868555,-114.854709
71151,38.71434,-88.093257
71152,41.38683,-84.117592
71153,45.342142,-92.670193
71154,44.427288,-93.203408
71155,43.108142,-88.454417
71158,27.996471,-81.964016
71160,42.380494,-83.168148
71161,35.393924,-78.620762
71162,41.239013,-82.573242
71163,42.244222,-77.198724
71164,41.851897,-77.247028
71165,33.838976,-81.022856
71166,38.445048,-107.64006
71167,41.673036,-88.090596
71168,40.974527,-117.733671
71169,40.880632,-85.493745
71170,46.923393,-98.00121
71171,31.090663,-97.386644
71172,30.3377,-97.558641
71173,32.117203,-81.253151
71176,34.300253,-83.82432
71177,29.41771,-98.438785
71179,34.088136,-81.479377
71181,34.961729,-81.942797
71185,40.414622,-76.332432
71186,29.794716,-91.507189
71187,42.681539,-88.061579
71188,32.853127,-83.742404
71189,34.068808,-80.917507
71190,41.529157,-109.467502
71191,40.762759,-111.889779
71193,36.753402,-95.998543
71194,35.521732,-98.707749
71195,35.076207,-98.243677
71196,35.751417,-98.720992
71197,36.1447,-99.538114
71198,43.968471,-92.064902
71199,33.427491,-84.85804
71200,40.669931,-99.04632
71201,41.643351,-72.677335
71202,32.801275,-79.946423
71206,38.99677,-119.14779
71207,41.970406,-87.870749
71208,37.443606,-77.440257
71209,30.58346,-84.405362
71210,32.666119,-97.241503
71211,34.83791,-92.165471
71212,32.839067,-90.384694
71213,36.377567,-94.096539
71214,39.953193,-104.774733
71215,40.479735,-104.889056
71216,29.504085,-98.409529
71217,41.733674,-93.404135
71218,37.263262,-93.224644
71219,37.811759,-92.223451
71221,39.3247,-94.70392
71223,32.830883,-88.462745
71227,29.152546,-98.590699
71228,40.669931,-99.04632
71229,42.110345,-88.045397
71230,42.197163,-88.086501
71232,44.354212,-106.686647
71233,27.94483,-99.33695
71234,29.945435,-89.985991
71239,37.179902,-94.30921
71240,35.409442,-86.010252
71241,35.982515,-83.628037
71242,33.451478,-112.082647
71244,41.139437,-111.846868
71245,42.866111,-112.443021
71246,35.20452,-101.674063
71247,31.852805,-90.393205
71248,28.459228,-81.472242
71249,33.331511,-87.039455
71250,35.10475,-111.004881
71251,39.994526,-76.029115
71252,32.801275,-79.946423
71253,29.130003,-98.894161
71255,39.166793,-92.934805
71256,37.171041,-92.865232
71257,46.289817,-96.591207
71259,30.539937,-88.242279
71260,40.864596,-82.309958
71261,42.630448,-82.849779
71262,38.539066,-82.68789
71263,37.533849,-104.705542
71264,35.06514,-106.45309
71265,38.225971,-80.531367
71266,36.247978,-82.975415
71267,42.2919,-85.582457
71268,40.605646,-111.938818
71269,40.593719,-74.085976
71270,32.449804,-99.725195
71271,34.522907,-112.239402
71275,31.716762,-99.132954
71276,28.459228,-81.472242
71277,29.590136,-82.36291
71278,42.855255,-88.907454
71281,34.831649,-114.145995
71282,30.104658,-97.324858
71283,32.328544,-81.056421
71284,34.274736,-88.631861
71285,47.39097,-122.30831
71286,26.613876,-81.803364
71287,29.973894,-90.320813
71288,40.070865,-80.751439
71289,26.613876,-81.803364
71290,31.576947,-84.153665
71291,38.619313,-88.971626
71295,38.921791,-80.463599
71298,32.041271,-96.446876
71299,31.571648,-97.116406
71300,42.247499,-84.40565
71301,41.835357,-87.685668
71302,41.981184,-91.667466
71303,44.033205,-88.658856
71305,29.130003,-98.894161
71307,37.029896,-88.359991
71308,36.18956,-86.2654
71309,39.664346,-82.560644
71310,28.840124,-81.893643
71311,32.6284,-85.38077
71313,34.122502,-96.466388
71314,40.367603,-74.647642
71315,43.418637,-88.024423
71316,44.683896,-90.16158
71318,42.103166,-87.936766
71319,28.756461,-80.889873
71320,38.425861,-95.804295
71321,43.111998,-94.67923
71322,45.216957,-87.99653
71323,40.297162,-111.734073
71324,34.860754,-82.386967
71325,32.525415,-93.699008
71326,41.311348,-81.45128
71327,41.236621,-105.435717
71328,42.18294,-71.18773
71329,33.331511,-87.039455
71330,43.081797,-76.47602
71331,45.141924,-90.333414
71332,32.120014,-103.189523
71333,32.375071,-98.895728
71334,31.847455,-103.086583
71335,34.299956,-101.726681
71336,31.059088,-95.137127
71337,32.211911,-98.196202
71338,42.973605,-90.535217
71339,39.293191,-102.878952
71340,44.312497,-94.460397
71341,36.018088,-87.343403
71342,44.720368,-94.486976
71343,32.03405,-98.401901
71344,33.189272,-101.378214
71345,29.753941,-95.038831
71346,32.391467,-99.746599
71347,30.680848,-94.906911
71348,32.6966,-103.136031
71349,31.769601,-103.148889
71350,32.318736,-102.546557
71351,32.840961,-95.504194
71352,32.857149,-104.398742
71353,34.42449,-103.630112
71354,31.897419,-98.603871
71355,32.216022,-98.187604
71356,31.401381,-103.482894
71357,31.857773,-103.093302
71358,32.420338,-104.229069
71359,32.472498,-99.802505
71360,31.460251,-100.44396
71361,33.913462,-98.494395
71362,32.214299,-98.195545
71363,32.226088,-98.232412
71364,40.284432,-84.153266
71365,43.616453,-88.473736
71366,42.667705,-87.808995
71367,31.57562,-102.891892
71368,41.645278,-90.64022
71369,43.589775,-116.273652
71370,35.528205,-108.761077
71371,38.705001,-93.250327
71372,46.922149,-95.058459
71376,26.840104,-81.388905
71377,39.953193,-104.774733
71378,33.410738,-112.000145
71379,34.748583,-92.275151
71381,46.018591,-91.475841
71382,43.456062,-88.83907
71383,41.527166,-85.055766
71384,44.60896,-95.6741
71385,39.816463,-84.000691
71386,40.458818,-87.687245
71387,41.662554,-91.543595
71388,41.226595,-96.502663
71389,34.465587,-79.349573
71390,38.757666,-90.067297
71391,36.228559,-91.732482
71392,41.24111,-87.627946
71393,45.315617,-94.299207
71394,32.407759,-97.218166
71395,42.972711,-90.132705
71397,31.690875,-84.312585
71398,41.740837,-93.674404
71399,39.015836,-94.071508
71401,44.984501,-93.088828
71402,42.957022,-123.312326
71404,33.875367,-112.148919
71405,33.921054,-112.143861
71406,33.410738,-112.000145
71407,33.726742,-112.083307
71408,33.875367,-112.148919
71410,33.415178,-111.82932
71411,33.283962,-111.84137
71412,33.204221,-111.824963
71413,33.256321,-111.328865
71416,32.220683,-110.980176
71417,32.220683,-110.980176
71418,32.220683,-110.980176
71421,31.761401,-106.483721
71428,42.859672,-89.533375
71429,33.44823,-112.075098
71430,36.37984,-86.704047
71433,42.026765,-91.623396
71434,41.186889,-82.41041
71435,35.320004,-80.751717
71436,44.348233,-106.699116
71437,43.490864,-112.039129
71438,32.127274,-81.152092
71439,30.48442,-84.38498
71440,47.657255,-117.41111
71441,40.406873,-109.589442
71442,37.697783,-85.880198
71443,40.368743,-83.730416
71444,37.291987,-93.026482
71445,43.480461,-89.491922
71446,41.595537,-90.346965
71447,44.111802,-88.697133
71449,36.066334,-115.190216
71450,34.311422,-106.887562
71452,29.477536,-98.468703
71453,33.358924,-104.522997
71454,32.725704,-103.119253
71455,33.666682,-101.676001
71456,34.995648,-105.377673
71457,33.984123,-99.725056
71458,33.399448,-100.68584
71460,35.624498,-101.537038
71461,36.386333,-103.039182
71462,32.68662,-103.144845
71463,32.725704,-103.119253
71464,33.186857,-99.724496
71465,32.44587,-100.53889
71466,33.13628,-100.227782
71467,34.53551,-101.748682
71468,32.935379,-99.78526
71469,33.645084,-102.661142
71470,31.397048,-103.492931
71471,32.414606,-104.255003
71472,32.652635,-100.777308
71473,34.029437,-98.917517
71474,30.212977,-97.143338
71476,42.795725,-88.626125
71477,44.54523,-87.715958
71478,34.254659,-85.171673
71479,31.535618,-82.891033
71480,35.977914,-102.450141
71481,47.937809,-97.093339
71482,47.504619,-111.298751
71484,31.963569,-83.784853
71485,34.724009,-80.746997
71486,38.702846,-87.497312
71487,38.968873,-112.323709
71488,43.746194,-99.017509
71490,33.331511,-87.039455
71491,36.891025,-89.536423
71492,38.280754,-85.824343
71493,32.446253,-91.546471
71494,41.512101,-74.074018
71495,39.667843,-86.08251
71496,40.796732,-81.765373
71498,45.09666,-89.153767
71499,43.008661,-89.740364
71500,43.962164,-91.262431
71502,32.375071,-98.895728
71503,38.00365,-100.872241
71504,41.139437,-111.846868
71505,42.792334,-88.385231
71506,43.401319,-95.751558
71509,44.428265,-72.033637
71510,38.204624,-85.329067
71511,34.005177,-83.331143
71512,28.538183,-81.100491
71514,31.835926,-106.684538
71515,38.274122,-88.900806
71516,43.165813,-77.58119
71517,35.695291,-80.517636
71518,35.009231,-90.785259
71519,32.296984,-86.196537
71520,44.858517,-92.625968
71521,42.820291,-88.745077
71522,30.691047,-92.42809
71523,33.188738,-87.324975
71524,41.066687,-81.440857
71525,35.968617,-83.203876
71526,42.904645,-76.86285
71527,41.556725,-75.89788
71528,44.773713,-106.952249
71529,44.854109,-91.634533
71531,38.64821,-95.083795
71534,38.997456,-119.181085
71535,40.642499,-116.935588
71536,35.06514,-106.45309
71542,40.529575,-104.711662
71543,32.719267,-115.954451
71555,43.027585,-91.133515
71556,44.959763,-90.800321
71557,35.720656,-95.402789
71558,34.641678,-102.715946
71559,32.214874,-99.795166
71560,32.665166,-107.162085
71561,31.917484,-97.096559
71562,40.766822,-73.682902
71563,43.291222,-91.770965
71564,47.357939,-102.801066
71565,31.843204,-106.59
71566,43.771387,-91.491051
71567,41.99555,-72.80017
71568,38.425861,-95.804295
71570,36.751842,-89.584685
71571,28.523264,-82.23696
71572,37.185022,-77.320311
71573,27.996034,-82.357691
71574,32.529319,-82.904929
71575,32.910979,-96.941862
71576,32.910979,-96.941862
71577,36.318221,-103.059306
71578,33.602269,-86.807898
71579,43.719453,-87.734922
71580,41.711786,-112.16593
71582,34.769989,-80.39896
71583,27.910231,-81.590528
71586,42.182549,-73.756814
71590,36.357633,-104.595822
71592,36.873894,-95.087106
71594,41.67633,-85.581349
71595,39.719032,-91.361732
71596,33.394234,-104.510001
71597,34.074078,-102.534369
71598,32.905886,-97.566396
71600,31.737659,-96.18786
71601,35.265831,-78.947554
71602,41.019358,-81.579984
71603,32.834484,-109.716084
71604,40.762759,-111.889779
71605,32.87379,-105.965318
71606,33.498449,-102.027332
71607,47.132546,-119.273981
71608,45.351294,-93.907731
71609,35.460757,-95.96222
71610,32.542656,-83.07075
71612,30.668085,-81.666987
71614,35.078108,-81.720899
71615,35.072429,-98.24044
71616,32.734005,-96.286384
71617,29.481292,-82.853894
71618,39.731808,-94.238432
71619,36.139034,-79.797457
71621,34.244572,-101.708805
71622,30.501247,-88.110904
71623,31.734845,-87.766015
71624,40.737522,-114.058384
71625,37.133242,-106.35069
71627,32.345498,-81.751556
71628,32.998451,-86.701176
71629,45.572771,-93.210387
71630,36.429378,-80.524612
71631,34.61935,-87.031033
71632,32.59315,-81.506821
71634,34.256853,-88.706981
71635,35.973468,-86.378772
71636,35.87654,-86.424658
71637,33.583736,-102.17526
71638,29.598854,-98.280638
71639,41.105204,-81.113578
71640,30.751664,-83.592161
71641,33.875367,-112.148919
71642,36.918904,-111.459809
71643,32.406709,-97.217831
71644,32.41164,-100.859941
71646,29.478498,-81.206558
71647,37.945827,-91.908827
71648,36.63701,-87.33402
71649,32.755448,-98.902575
71650,31.895909,-100.48156
71651,30.065579,-97.829176
71652,41.102307,-81.491241
71653,37.226495,-107.859313
71654,42.098137,-89.000536
71655,38.225975,-86.591565
71656,45.199966,-96.021118
71657,37.210492,-92.02936
71659,41.892224,-72.297655
71661,35.443142,-93.487918
71662,41.448544,-97.729342
71663,32.600736,-96.984414
71664,39.424202,-77.938316
71666,44.778982,-93.336397
71667,26.054387,-80.35344
71668,35.809911,-80.861076
71672,32.24885,-97.735186
71673,34.601381,-82.653497
71674,45.572771,-93.210387
71676,40.417434,-86.858142
71679,35.091375,-101.848268
71680,31.795451,-89.194037
71681,41.717448,-94.932217
71682,41.664577,-87.758322
71683,41.545758,-88.031504
71685,31.218277,-94.761856
71686,32.477328,-100.007166
71687,32.41164,-100.859941
71688,42.554063,-89.0222
71689,43.631957,-88.441209
71691,35.111739,-101.363696
71692,29.96595,-90.152258
71694,43.025442,-85.780077
71695,43.812341,-91.251255
71696,32.558291,-93.656342
71697,40.988682,-77.818128
71698,41.632671,-91.493397
71699,42.606299,-87.951548
71700,30.117128,-83.582085
71701,44.446236,-88.068524
71702,36.560428,-79.882462
71704,32.83483,-96.608394
71705,27.804771,-97.453883
71706,34.122489,-81.141524
71707,40.039365,-76.3018
71708,37.537438,-77.428287
71709,35.039692,-85.266697
71710,41.884916,-94.138303
71712,38.995498,-110.161242
71713,35.077976,-90.050796
71714,25.579697,-80.478341
71715,31.374835,-100.335348
71716,32.42009,-104.22907
71717,42.596492,-88.704925
71718,42.008981,-93.550774
71719,45.969165,-92.9576
71721,38.658646,-87.172337
71722,40.109762,-104.521219
71723,35.530587,-100.971887
71724,32.810699,-98.068365
71725,31.233575,-101.871626
71726,44.402959,-93.95987
71735,46.431309,-119.02469
71736,34.08558,-84.50762
71737,30.372969,-81.552202
71738,42.675216,-90.545515
71739,32.434918,-82.498507
71740,33.667138,-81.529664
71741,33.498855,-82.335591
71769,35.91734,-78.161878
71770,41.102059,-75.960896
71771,39.5688,-94.039441
71772,45.397162,-92.58518
71773,41.982399,-92.574286
71774,39.289747,-90.406984
71775,37.039731,-100.904241
71776,32.6284,-85.38077
71779,33.410738,-112.000145
71784,28.796244,-81.346079
71785,40.942646,-76.02511
71786,40.158033,-77.704628
71787,40.00027,-95.595877
71792,43.862368,-95.115035
71793,39.001809,-77.403409
71794,39.37946,-76.66576
71795,33.006977,-85.002836
71797,41.497457,-95.192079
71798,46.541692,-122.876499
71800,37.85639,-92.07404
71801,42.793094,-96.165121
71802,30.890953,-102.783356
71803,31.947692,-102.141173
71804,39.16422,-88.381395
71805,35.861666,-86.451244
71806,27.265184,-80.739027
71807,44.477101,-88.054879
71808,35.039692,-85.266697
71811,39.79158,-76.004278
71812,43.924532,-88.925875
71813,42.715814,-91.905561
71814,29.213362,-99.774762
71815,41.139552,-111.848134
71816,39.708168,-111.835895
71817,44.78739,-91.376075
71818,40.685784,-95.570009
71822,31.191199,-101.46738
71823,42.449123,-94.235096
71824,29.25408,-98.28766
71826,46.482897,-90.004177
71827,45.067742,-94.166151
71828,44.868757,-87.336514
71829,46.779308,-92.108372
71830,34.887086,-91.19459
71831,36.277127,-97.327805
71832,41.068713,-81.864286
71833,31.582726,-87.878156
71835,31.870407,-87.746325
71836,35.667525,-77.361201
71837,39.424386,-77.427128
71838,39.872267,-76.484619
71839,40.526952,-75.781834
71840,41.731958,-71.134891
71841,39.199515,-94.500247
71844,41.300293,-82.939632
71845,32.798159,-98.025912
71848,32.45317,-82.043295
71849,35.20452,-101.674063
71850,43.572132,-87.820225
71851,31.917484,-97.096559
71852,45.849693,-91.863609
71853,32.424238,-99.5629
71854,33.774281,-96.584498
71855,40.766822,-73.682902
71856,37.200891,-87.037511
71857,34.068808,-80.917507
71858,32.446253,-91.546471
71859,31.947616,-97.73636
71860,30.357071,-89.741235
71862,41.758932,-81.047231
71864,37.552283,-92.801731
71865,32.917914,-96.424863
71866,38.190238,-85.729386
71867,45.458981,-98.403033
71868,28.851841,-82.488005
71869,32.148987,-81.163568
71870,33.087799,-86.203857
71871,44.633493,-91.954023
71872,41.553565,-93.926758
71873,34.012979,-95.521728
71874,40.014514,-78.470394
71875,32.158842,-94.320744
71876,35.758256,-84.371359
71877,41.357329,-88.423727
71878,39.330633,-82.105105
71879,41.510118,-88.0609
71883,30.481662,-97.670966
71886,31.236084,-81.451834
71887,40.97144,-96.388344
71888,43.162009,-111.021617
71889,34.22452,-111.331964
71890,35.10475,-111.004881
71892,27.429067,-82.530314
71893,25.85444,-80.131978
71894,32.491041,-94.358771
71897,31.049007,-104.664902
71898,40.50983,-88.953415
71899,41.413552,-91.057958
71902,27.559523,-99.504107
71903,32.941019,-97.639368
71904,41.763379,-81.009261
71906,41.204645,-87.285762
71909,32.421586,-83.760257
71910,44.259449,-93.289687
71911,39.240899,-110.99008
71912,33.022678,-96.510101
71913,39.391753,-86.461398
71914,36.991735,-87.466846
71916,33.222464,-79.964586
71919,33.361018,-97.182302
71922,39.065487,-96.61409
71923,40.524471,-82.10186
71924,40.988682,-77.818128
71925,35.027658,-85.347723
71926,38.85783,-94.51526
71927,34.55038,-99.333926
71929,30.04343,-94.33375
71931,31.73572,-83.65155
71932,40.697589,-86.26607
71933,36.906104,-89.487266
71934,39.64905,-83.540348
71935,42.697907,-73.843381
71936,33.958745,-98.529102
71937,44.840137,-93.795492
71941,32.6284,-85.38077
71942,29.31692,-95.289432
71943,38.374701,-82.758207
71944,33.525027,-93.979123
71945,34.980608,-90.91333
71946,31.235595,-99.721039
71947,40.039388,-81.395021
71948,44.459991,-96.262013
71949,40.925736,-82.659176
71950,40.291213,-81.556921
71951,38.357016,-78.92693
71953,34.721559,-90.369264
71957,37.926811,-90.762101
71958,40.54976,-81.503168
71960,39.168049,-84.301942
71961,40.693715,-81.700361
71962,40.769335,-82.792782
71965,34.342395,-92.39427
71966,36.207528,-82.353988
71967,31.606447,-84.154388
71968,30.719046,-85.020184
71969,44.979619,-73.452106
71970,34.9351,-89.812275
71971,40.861242,-74.437748
71972,39.649051,-77.754243
71973,35.694723,-78.574893
71975,37.096444,-80.507515
71976,30.372969,-81.552202
71977,41.763647,-88.485421
71978,41.723916,-94.938991
71979,31.887139,-102.272777
71980,31.374835,-100.335348
71981,35.659243,-77.363592
71982,40.727793,-112.181606
71983,41.113931,-102.924211
71984,42.691881,-88.503974
71985,42.482276,-95.785669
71988,28.565737,-81.585647
71990,32.695317,-100.861731
71991,39.841122,-95.69536
71992,38.74411,-75.599139
71994,27.996793,-81.999157
71995,34.991733,-105.300948
71996,42.834788,-87.95242
71997,26.418468,-81.41718
71999,34.22226,-81.416445
72000,27.141563,-82.460218
72001,36.34935,-86.718575
72003,34.155517,-80.964275
72004,38.647338,-75.593839
72006,44.771339,-69.553787
72008,33.61243,-92.064299
72009,32.261633,-96.163908
72011,31.066436,-98.183201
72012,31.436389,-97.105577
72013,33.255219,-94.152744
72014,32.469788,-94.707341
72015,33.663066,-95.42704
72016,31.635075,-96.974571
72017,29.357965,-98.876428
72018,31.736735,-98.959272
72019,33.196607,-101.378242
72020,32.121558,-99.165511
72021,29.29074,-97.15049
72022,31.971012,-94.015612
72024,48.313545,-102.342438
72025,48.167896,-98.987835
72026,46.83719,-100.583622
72028,46.877586,-97.010961
72029,48.365967,-102.932762
72030,41.465311,-83.299684
72031,48.4243,-97.41217
72033,34.225713,-82.045072
72034,40.674256,-111.886473
72038,31.259935,-90.479079
72039,30.390209,-84.79822
72041,30.443201,-85.04584
72044,35.251321,-112.187642
72045,39.688339,-110.854739
72046,43.971469,-116.914074
72054,34.433724,-88.680245
72060,32.830883,-88.462745
72063,38.874954,-76.721046
72066,29.528465,-97.974145
72067,29.355251,-98.854538
72071,32.929395,-80.072621
72072,32.195072,-81.360061
72073,36.063407,-79.383802
72074,31.480997,-97.287895
72075,41.743979,-72.633421
72077,34.699889,-89.96542
72078,26.2602,-98.16289
72080,28.440954,-80.719005
72081,30.515189,-87.889938
72082,40.74219,-85.07779
72083,31.174647,-89.24581
72084,41.79083,-76.774321
72086,31.090434,-85.979573
72087,40.75646,-74.054597
72089,37.082847,-85.30185
72090,35.508047,-97.91858
72091,35.918829,-76.125951
72092,35.790976,-77.637194
72096,32.55727,-82.74761
72097,34.044296,-98.917496
72100,34.877621,-89.688406
72101,42.384361,-83.276048
72104,35.72718,-96.834514
72105,34.92574,-95.833351
72106,34.642734,-97.170367
72108,48.445126,-101.718942
72110,33.515827,-101.771552
72111,35.20452,-101.674063
72112,33.414151,-110.835953
72113,41.548308,-87.967002
72114,35.307289,-80.848185
72115,42.914972,-83.50163
72116,41.404531,-82.117149
72118,41.599726,-87.938956
72119,41.780932,-87.742266
72120,32.44894,-81.783414
72122,45.395433,-92.153064
72124,41.161436,-80.433061
72125,39.304849,-85.962556
72126,40.218881,-85.560326
72128,40.027471,-86.450853
72130,42.103317,-88.359575
72132,38.021399,-84.140702
72134,41.090654,-80.524333
72136,32.76049,-97.692577
72139,35.020528,-89.898353
72142,41.730918,-85.974958
72143,39.755862,-99.309233
72144,36.953304,-86.508305
72145,33.093057,-84.337216
72146,40.424255,-76.500098
72148,32.526211,-99.947747
72149,37.229963,-77.393238
72150,30.140109,-94.403505
72153,32.380079,-82.592869
72154,31.98491,-81.25975
72155,36.875843,-97.053634
72156,36.087812,-91.070497
72157,36.238728,-90.958097
72160,35.757799,-83.969693
72162,31.509098,-88.487699
72163,40.547592,-74.614156
72170,26.16745,-97.83093
72171,30.076796,-82.065016
72175,31.053165,-97.45551
72180,35.451432,-94.441537
72181,35.952808,-91.548577
72182,29.652872,-97.590961
72184,32.131136,-90.084795
72185,32.367404,-86.302033
72188,30.076999,-90.564675
72189,41.458236,-83.638235
72190,34.233989,-77.97711
72191,41.674573,-86.699839
72192,41.847248,-87.642066
72193,34.879132,-96.414572
72194,41.169305,-87.854215
72195,40.872239,-75.048189
72196,41.024016,-80.525306
72197,38.800215,-90.470153
72199,38.175475,-93.016469
72200,33.860183,-89.84118
72201,31.093306,-96.400621
72202,39.55231,-119.57578
72205,30.994224,-84.485291
72206,41.945352,-87.885457
72207,41.970406,-87.870749
72210,35.455025,-78.135939
72212,33.218819,-79.969617
72213,30.952956,-87.150415
72215,43.055536,-76.558076
72216,44.153461,-107.908433
72217,37.385811,-79.141651
72219,33.517207,-86.800261
72222,48.569118,-93.374858
72224,40.73463,-74.11962
72225,39.062117,-78.969737
72226,34.25935,-89.52892
72227,34.83611,-89.564739
72228,33.988561,-80.305116
72229,33.842931,-80.299418
72230,35.683025,-78.900351
72231,43.75398,-105.491824
72232,41.494631,-90.253047
72233,33.737311,-101.842217
72235,37.841388,-88.620399
72236,37.340203,-75.94342
72237,38.851499,-75.815761
72238,33.73645,-87.26702
72239,38.555096,-75.556402
72240,39.563595,-76.665748
72241,39.954249,-75.149603
72242,39.377034,-76.438699
72243,37.992997,-85.704516
72247,32.443063,-91.493743
72248,35.02039,-89.852808
72250,33.965741,-84.994142
72251,42.170462,-83.175088
72256,44.163488,-69.085191
72257,35.36387,-79.77619
72259,42.093465,-88.257788
72260,36.601518,-76.668864
72261,34.15365,-88.702366
72262,37.253101,-77.396197
72263,32.544559,-84.961624
72264,29.357965,-98.876428
72266,35.19081,-86.87017
72267,41.994164,-87.873171
72268,31.74226,-99.322094
72273,32.78205,-79.954754
72274,32.949162,-80.216228
72276,41.677887,-86.23522
72277,40.9427,-73.876394
72278,34.693012,-79.284411
72279,41.888744,-91.055981
72281,38.906287,-77.012323
72282,40.824337,-73.872581
72285,32.267215,-84.742387
72287,36.04337,-97.899325
72288,40.070952,-80.751178
72289,30.096953,-93.74093
72290,30.748864,-83.907839
72291,30.081727,-82.945302
72292,29.946369,-82.424801
72293,29.692683,-96.539627
72294,44.92224,-73.10769
72295,29.950636,-94.000788
72296,33.189272,-101.378214
72297,34.104495,-84.918243
72298,32.138305,-101.805862
72302,32.207167,-88.054689
72303,31.65077,-89.172194
72305,37.000923,-91.682798
72308,27.171312,-80.857285
72309,34.707392,-85.559322
72310,28.378193,-82.680085
72313,32.797126,-81.949728
72314,41.803769,-88.203911
72315,42.225711,-88.287357
72316,42.336088,-88.224535
72317,38.156276,-85.659746
72318,41.817168,-87.743317
72319,41.817168,-87.743317
72320,36.105548,-86.218133
72321,35.501225,-86.090094
72324,39.315918,-85.351276
72325,39.370267,-94.779691
72326,39.052284,-85.915329
72328,28.078772,-80.574218
72329,41.401759,-99.629565
72330,41.383241,-82.116794
72331,34.611016,-96.424411
72332,28.22317,-99.614223
72333,31.292904,-82.17005
72335,30.581412,-83.751789
72337,42.642412,-114.445587
72338,29.635865,-98.977342
72339,30.150568,-85.591447
72340,41.457825,-88.19268
72342,38.915528,-86.91943
72343,46.434995,-120.420858
72344,37.77475,-84.315669
72345,46.307699,-120.333393
72346,30.812335,-92.665839
72347,42.268529,-84.756478
72348,41.875563,-87.636729
72349,41.994164,-87.873171
72350,41.828287,-88.734498
72351,40.418218,-86.893055
72352,44.231577,-72.548375
72360,41.769532,-99.1259
72361,41.124375,-100.763943
72362,40.031184,-98.518867
72363,40.897991,-98.415435
72368,32.707747,-115.026669
72372,32.409386,-98.772248
72373,44.267592,-70.267264
72374,44.288431,-70.524779
72376,31.040399,-84.879231
72378,40.277026,-85.36813
72380,30.087498,-94.136081
72382,30.07889,-94.110342
72385,41.118936,-87.835738
72387,38.845789,-82.146011
72389,31.650894,-102.329325
72390,36.22058,-95.851829
72391,35.472845,-97.592207
72394,35.078108,-81.720899
72395,31.422884,-97.608643
72396,24.719971,-81.062512
72400,34.132574,-78.096152
72402,34.551876,-78.784233
72403,35.90565,-78.556978
72408,30.564641,-81.831043
72410,41.994164,-87.873171
72412,42.238907,-88.952803
72413,27.867279,-81.575847
72418,25.739755,-80.262313
72419,39.71887,-104.734902
72420,37.12278,-113.615185
72424,40.578301,-74.225262
72425,34.786109,-78.812717
72428,32.27951,-90.158655
72429,32.150819,-81.163553
72430,33.34534,-85.728695
72432,31.796518,-97.591361
72433,32.770479,-89.539433
72435,37.676967,-113.061744
72436,41.976114,-88.031515
72437,38.678736,-109.446092
72438,41.612586,-87.68403
72440,39.634537,-77.406257
72441,41.765874,-77.973395
72442,40.222913,-79.602726
72443,39.721302,-77.73268
72444,34.754941,-77.459426
72445,41.378333,-82.225022
72446,41.708344,-78.694035
72447,37.238674,-77.371205
72448,35.620165,-85.88232
72456,34.869223,-82.305356
72458,26.761711,-81.438444
72459,26.613876,-81.803364
72462,45.692183,-110.491922
72466,34.90383,-110.158188
72467,40.160575,-77.291527
72468,34.107452,-109.248189
72471,41.673036,-88.090596
72473,26.196233,-97.680549
72475,34.261599,-109.990113
72476,46.830084,-100.870834
72477,32.460739,-86.195117
72478,34.720056,-86.600665
72479,33.18739,-96.662424
72480,37.093742,-93.826052
72481,44.298019,-92.790586
72482,40.632012,-76.064931
72483,39.052284,-85.915329
72485,33.394234,-104.510001
72486,39.73835,-104.433354
72487,26.15981,-97.89004
72488,37.109845,-113.583023
72489,41.433505,-86.821637
72490,35.465823,-98.3557
72492,40.406258,-104.847455
72493,32.269357,-107.768247
72494,29.246384,-98.758241
72495,30.189985,-95.05038
72496,31.629254,-96.157632
72497,37.075253,-94.385723
72498,38.606223,-82.554854
72499,32.326246,-109.487104
72500,41.662573,-88.501904
72501,41.185062,-89.067147
72502,34.465587,-79.349573
72503,35.146541,-90.187767
72505,46.877371,-96.578931
72506,38.74263,-85.278731
72507,38.965578,-112.323655
72510,39.813014,-80.119372
72514,40.075658,-93.575891
72515,39.17221,-91.884735
72519,34.954878,-79.053119
72520,38.771163,-93.739737
72521,37.66397,-92.66709
72522,39.983593,-92.475658
72523,36.848653,-91.990046
72524,40.825679,-73.996654
72526,40.025059,-94.528403
72528,39.16567,-92.77994
72529,39.426812,-92.466913
72530,38.631603,-92.581939
72531,36.970746,-93.719805
72533,40.75646,-74.054597
72534,40.11217,-95.21897
72535,40.721634,-92.867893
72536,40.289922,-93.117844
72537,38.309679,-93.548192
72538,36.591863,-90.213445
72540,39.446067,-91.074902
72541,40.436818,-95.232163
72542,39.577618,-92.036022
72543,38.366419,-93.760978
72544,44.09629,-102.826978
72546,36.670366,-90.330145
72548,33.895591,-94.711317
72550,36.371927,-114.897052
72551,40.40115,-97.577217
72552,42.689763,-112.967942
72553,42.363556,-82.932499
72554,30.76981,-86.66186
72556,31.447054,-98.567779
72557,38.907199,-77.009695
72558,36.187038,-86.63104
72559,32.209036,-90.159581
72560,41.797145,-85.662522
72561,42.127099,-79.779601
72562,39.501136,-77.964977
72563,30.90426,-88.036166
72565,35.42666,-84.48949
72566,39.108265,-108.500082
72567,29.316865,-98.089242
72569,34.468695,-83.967418
72570,44.003206,-87.724978
72571,46.696988,-120.442552
72572,39.953193,-104.774733
72574,34.359865,-109.874303
72575,31.103026,-88.77477
72576,41.848905,-72.571809
72577,41.577933,-87.54037
72578,32.097939,-90.304772
72579,33.962984,-80.42096
72580,44.898828,-91.457447
72581,40.770415,-73.651828
72582,43.120734,-75.222316
72583,41.051372,-77.158845
72584,39.55231,-119.57578
72585,41.970406,-87.870749
72586,30.491955,-92.073362
72587,32.484714,-100.355511
72588,33.212811,-98.158835
72589,34.638924,-100.477223
72590,38.635906,-90.296953
72591,33.331511,-87.039455
72592,39.426531,-88.37824
72594,33.413281,-94.074516
72595,39.376182,-77.888306
72596,36.586221,-88.819611
72597,41.212872,-80.762931
72599,40.777762,-99.734892
72603,39.692301,-86.221144
72606,39.193321,-93.361433
72607,45.827291,-109.972707
72608,37.73277,-89.863557
72610,41.665262,-86.074801
72611,46.359265,-87.536671
72612,38.485245,-90.759476
72614,38.665828,-80.778358
72615,40.855152,-96.648097
72616,37.87322,-90.230646
72619,34.714412,-88.223363
72620,48.310322,-99.580566
72621,39.216641,-93.062988
72622,37.098981,-92.065651
72623,41.545758,-88.031504
72625,47.395362,-94.740474
72626,35.822677,-90.482799
72628,33.735505,-81.85581
72629,38.345038,-91.495338
72630,38.813631,-92.030511
72631,41.599726,-87.938956
72633,38.538735,-93.405367
72634,34.81128,-102.405795
72635,42.334472,-71.735255
72637,36.000811,-83.957592
72639,34.083615,-96.768407
72640,42.358691,-82.975465
72642,38.063157,-117.223407
72643,35.529651,-97.513317
72644,40.502111,-104.99142
72645,32.573052,-111.322735
72646,32.733541,-101.949256
72647,40.550029,-74.161346
72648,38.447006,-105.198259
72649,41.638488,-114.815084
72650,28.450771,-99.238081
72651,38.907199,-77.009695
72652,30.456125,-97.666332
72653,34.962063,-89.827761
72655,36.646553,-87.196944
72656,29.456437,-98.459846
72660,34.481602,-87.292448
72663,31.690875,-84.312585
72664,32.674281,-97.000604
72666,28.586772,-82.211364
72667,33.897179,-93.305145
72668,31.333699,-110.944832
72669,37.693459,-97.338212
72672,30.870017,-96.586668
72674,38.268235,-88.481606
72675,41.03383,-100.468203
72676,43.637784,-95.564543
72677,45.817544,-88.065516
72678,41.489672,-83.367462
72679,29.401294,-98.477886
72680,30.406865,-87.63327
72681,39.805485,-105.014608
72682,40.913747,-111.891175
72683,38.110932,-87.481552
72685,29.184385,-98.841484
72687,44.540458,-95.117869
72688,42.298564,-85.196261
72689,29.599269,-97.933801
72690,41.285976,-72.834283
72691,37.209595,-93.261854
72693,36.970746,-93.719805
72694,34.677772,-82.198842
72695,28.694597,-96.831718
72696,32.838003,-83.62782
72698,30.379923,-89.352626
72699,41.953439,-88.031735
72700,33.470835,-82.490178
72701,38.255178,-90.402736
72702,32.418949,-93.749662
72705,37.18228,-77.316147
72706,36.493595,-80.741702
72707,40.453423,-105.452648
72709,42.992588,-89.564047
72710,43.515282,-96.711694
72711,43.640789,-112.142982
72713,43.545999,-96.726776
72714,32.877722,-85.15142
72715,34.831649,-114.145995
72716,30.83163,-82.006107
72719,36.954097,-113.79746
72721,34.729538,-86.585304
72723,35.023979,-110.696884
72724,35.21739,-112.48236
72725,33.774281,-96.584498
72727,41.884916,-94.138303
72728,40.625244,-96.961506
72732,41.176649,-93.783912
72733,33.576252,-79.028934
72734,41.285976,-72.834283
72735,34.038184,-81.112091
72736,32.434918,-82.498507
72737,33.219419,-82.399046
72738,38.495698,-91.873059
72739,32.87379,-105.965318
72740,40.697314,-99.463529
72741,41.835357,-87.685668
72742,33.599381,-84.290753
72743,37.647749,-88.976148
72745,43.97495,-75.90911
72746,34.038184,-81.112091
72747,35.528205,-108.761077
72748,34.153543,-84.759829
72749,44.712775,-87.397515
72750,32.016677,-97.095739
72752,30.804641,-88.108842
72753,35.20452,-101.674063
72754,33.196345,-84.283442
72755,39.930401,-86.15776
72756,41.734206,-86.792039
72757,30.497402,-89.670202
72758,32.014353,-97.603761
72759,32.936962,-96.950415
72760,30.85989,-83.948032
72761,34.688204,-87.607695
72763,43.079469,-75.751206
72764,41.925034,-72.606267
72765,40.678212,-74.014217
72766,33.055235,-97.472688
72767,38.852989,-104.832627
72768,41.169305,-87.854215
72769,33.509936,-101.759893
72770,33.59121,-81.936575
72771,34.859505,-82.26427
72772,39.429357,-81.463168
72773,32.703811,-96.579587
72774,30.09658,-93.734694
72775,32.449804,-99.725195
72776,31.444934,-82.753684
72778,43.061127,-96.175468
72779,42.492999,-89.037369
72781,39.980578,-81.73127
72782,41.09966,-80.89772
72783,39.955837,-83.375091
72784,41.791554,-107.236515
72785,41.524997,-88.093239
72786,38.486039,-97.621644
72787,35.529641,-97.513764
72788,39.768354,-104.994957
72789,30.210775,-90.953934
72791,39.704532,-77.486122
72792,43.074174,-78.990611
72793,49.001431,-122.755546
72795,30.031565,-97.674743
72796,33.493449,-112.358229
72797,45.674436,-94.836805
72798,43.422626,-96.175717
72799,41.818784,-89.473458
72801,35.069035,-91.917312
72802,42.025619,-71.486034
72803,30.512839,-99.770615
72804,36.17205,-86.768502
72805,28.036689,-97.509141
72806,32.923115,-93.887334
72808,33.232393,-97.010688
72809,29.701975,-81.327095
72810,36.090924,-96.037796
72811,36.079304,-95.815222
72812,45.401061,-91.809408
72813,32.441375,-97.794293
72814,33.793164,-97.143381
72815,40.173929,-88.324428
72816,35.061722,-101.919001
72817,30.901843,-97.5595
72818,32.324084,-86.33549
72819,27.605257,-99.506963
72820,31.405443,-102.352869
72821,34.593577,-103.073044
72822,32.35597,-99.742746
72827,31.848403,-102.445403
72828,32.345133,-99.742265
72830,31.397048,-103.492931
72831,32.725704,-103.119253
72835,31.53251,-101.614582
72836,32.7429,-100.91815
72837,32.289322,-104.101006
72839,32.725704,-103.119253
72841,32.978989,-102.812946
72844,31.270214,-103.373307
72847,32.037348,-101.329678
72848,31.233575,-101.871626
72849,32.10235,-102.04365
72851,31.679244,-102.156882
72853,31.152923,-89.411374
72855,41.576412,-88.200767
72857,35.604662,-97.745303
72859,40.046063,-86.787425
72860,33.92174,-80.341562
72861,33.331511,-87.039455
72863,33.731383,-90.716351
72864,30.805348,-84.50739
72867,46.60666,-112.028656
72868,43.490864,-112.039129
72869,44.202149,-105.977701
72871,32.659989,-114.36433
72872,28.096989,-97.824968
72873,41.994164,-87.873171
72874,29.686867,-98.122239
72875,30.724701,-97.673043
72876,34.677772,-82.198842
72877,30.551613,-88.212156
72879,30.053485,-98.916846
72880,32.124493,-81.274529
72882,35.383761,-96.670518
72884,30.692107,-88.028109
72885,31.270863,-85.376869
72886,30.871776,-96.587998
72888,30.759976,-99.243807
72889,32.962271,-102.819076
72891,41.169305,-87.854215
72893,27.641824,-80.38759
72894,33.357817,-97.704754
72895,34.506126,-97.049369
72896,32.098285,-96.441016
72899,29.383077,-98.540255
72901,40.820285,-98.37853
72902,35.219521,-79.448057
72903,31.887139,-102.272777
72904,30.523488,-98.287255
72905,29.001543,-98.430995
72906,38.384901,-104.618881
72907,31.57562,-102.891892
72908,35.283908,-81.188239
72909,40.81367,-96.720852
72910,41.139552,-111.848134
72912,38.956619,-111.86005
72916,38.740049,-98.215627
72917,44.812296,-73.108979
72918,32.825254,-83.558383
72919,39.76244,-84.20868
72920,38.799299,-90.613464
72921,38.184147,-91.199701
72922,41.64256,-81.439381
72923,31.528421,-90.547876
72924,34.61964,-89.9539
72925,34.286784,-79.880527
72926,43.955092,-86.291898
72927,40.809903,-81.844029
72930,43.933383,-90.820528
72933,33.698212,-84.0886
72934,27.804771,-97.453883
72935,28.771072,-81.279772
72936,28.650175,-82.054804
72937,35.009909,-78.694972
72938,36.24001,-80.83608
72939,33.70309,-84.403816
72940,36.628396,-87.374995
72941,30.469498,-90.482602
72942,26.427462,-81.447542
72943,30.490475,-91.253611
72944,33.405566,-94.047927
72945,45.77981,-94.050056
72947,33.726742,-112.083307
72948,47.804725,-103.280045
72949,41.280553,-86.058274
72950,41.978604,-117.715073
72951,32.314449,-99.621851
72953,33.669054,-97.150336
72956,34.342621,-78.227436
72957,44.324628,-69.763705
72958,39.390268,-88.993154
72959,35.622812,-91.238707
72960,31.84784,-102.471351
72963,38.852989,-104.832627
72965,36.110944,-115.180487
72966,40.621007,-85.640134
72967,31.942938,-94.246049
72968,36.25904,-80.363503
72969,40.827115,-83.48466
72970,42.966386,-85.670181
72972,37.071421,-94.110742
72973,37.039584,-95.596986
72974,40.872559,-96.643597
72975,34.947248,-78.929299
72976,30.247364,-92.111954
72978,34.857268,-89.830572
72979,41.169305,-87.854215
72981,31.803741,-85.970691
72982,30.295273,-91.915952
72983,30.203408,-82.637632
72984,36.596017,-116.237257
72985,41.905555,-87.971778
72986,42.023406,-88.283094
72987,31.397274,-103.48028
72988,42.174762,-88.073611
72989,39.444542,-84.382151
72990,35.077976,-90.050796
72991,41.978615,-88.133972
72993,38.04569,-84.498006
72995,45.346995,-118.155651
72996,41.378333,-82.225022
72998,28.22317,-99.614223
72999,34.215467,-103.300245
73000,30.547162,-98.311149
73003,33.324068,-82.061042
73005,42.112632,-72.12643
73007,33.172693,-84.915402
73008,30.107419,-97.313168
73009,31.390191,-94.268635
73012,29.42343,-98.334681
73013,36.282562,-94.12553
73014,28.56617,-81.872366
73015,39.601657,-75.067458
73016,32.342087,-81.739162
73017,40.37798,-96.179748
73018,33.472897,-95.220911
73021,45.351141,-93.906925
73025,34.300134,-79.876068
73026,41.702456,-87.928286
73028,35.967883,-114.913072
73029,31.387591,-97.212301
73030,41.994164,-87.873171
73031,30.97661,-94.81726
73032,33.331609,-81.962225
73033,35.548785,-100.651284
73035,31.755352,-106.487431
73036,41.587231,-109.222037
73037,32.52677,-92.717602
73039,34.038184,-81.112091
73040,30.786142,-96.260413
73041,33.361753,-84.296149
73042,32.713873,-103.350826
73043,35.590056,-105.215703
73044,43.496636,-112.097323
73045,47.642884,-117.412886
73046,33.807127,-79.015185
73047,39.798617,-86.04525
73048,33.548528,-97.855601
73051,32.245276,-110.940148
73052,33.439221,-82.136215
73053,45.789138,-108.494934
73055,44.388205,-69.357212
73056,35.121728,-78.937004
73057,36.826162,-107.993566
73058,43.21243,-75.457465
73059,40.719964,-81.526045
73061,31.758894,-106.476143
73062,27.737136,-97.430405
73063,26.711758,-80.128366
73064,35.795114,-80.21695
73065,31.868576,-84.236972
73066,32.220683,-110.980176
73067,47.937809,-97.093339
73068,38.773407,-104.720576
73071,31.515362,-97.194944
73072,33.458337,-86.797263
73073,32.559582,-82.798468
73074,33.413281,-94.074516
73075,32.435352,-103.117435
73076,40.058678,-106.381582
73078,33.710758,-115.393859
73079,33.283962,-111.84137
73080,31.491542,-83.515686
73081,35.411715,-99.407521
73082,43.328603,-95.149974
73083,42.342067,-92.033404
73084,44.767158,-91.422198
73085,30.75036,-83.273235
73088,32.185329,-81.456341
73090,35.285096,-82.400423
73092,29.462325,-98.304248
73093,41.577192,-87.999429
73094,42.247505,-83.270015
73095,32.249348,-90.162473
73096,45.401061,-91.809408
73098,45.044943,-91.146834
73099,43.38043,-96.727428
73100,40.77426,-111.871858
73101,40.109444,-104.522466
73103,32.345605,-81.75132
73106,34.344188,-96.152015
73112,35.310071,-82.417364
73114,32.534028,-96.822251
73117,45.29898,-118.040053
73118,32.324695,-96.609008
73119,43.59864,-116.548674
73120,42.515697,-90.641805
73125,43.102539,-88.362748
73126,44.577371,-91.562603
73127,41.813881,-87.753821
73128,35.640915,-95.981673
73129,42.274303,-83.205769
73130,32.33095,-96.612109
73131,35.7012,-80.39855
